,Crop,ScientificName,Symbol,NuContAvailable,PlantPartHarvested,CropCategory,YieldUnit,AvYieldUnitWeight(lb),AvMoisture%,AvN%(dry),AvP%(dry),AvK%(dry),YieldUnitWeight(lb)_set,DryMatter%_NAS,AvDryMatter%,N%(dry)_NAS,Protein%(dry)_NAS,,N
0,Acorn,Quercus sp.,QUERC,"N,P,K",Fruit,Tree and fruit,lb of fruit,1,27.9,1.364771151,0.109570042,0.747572816,1,63.57021505,72.1,2.141487225,13.38627753,,0
1,"Alfalfa + Orchardgrass, for hay","Medicago sativa, Dactylis glomerata","MESA, DAGL","N,P",Aboveground biomass,Forage,ton,2000,9.7,2.479714286,0.267857143,#DIV/0!,"2,000",91.2,90.3,2.592,16.2,,0
2,"Alfalfa + Orchardgrass, for hay (cut 1)","Medicago sativa, Dactylis glomerata","MESA, DAGL","N,P,K",Aboveground biomass,Forage,ton,2000,7.95,2.144,0.2,1.49,"2,000",92.9,92.05,1.696,10.6,,0
3,"Alfalfa + Smooth Brome, for green chop","Medicago sativa, Bromus inermis","MESA, BRIN2","N,P,K",Aboveground biomass,Forage,ton,2000,77.63,3.322074074,0.310555556,2.8,"2,000",21.6,22.37,3.136,19.6,,0
4,"Alfalfa + Smooth Brome, for hay","Medicago sativa, Bromus inermis","MESA, BRIN2","N,P,K",Aboveground biomass,Forage,ton,2000,11.58,2.41770852,0.271053812,1.897746637,"2,000",82.5,88.42,2.592,16.2,,0
5,"Alfalfa + Smooth Brome, for hay (cut 1)","Medicago sativa, Bromus inermis","MESA, BRIN2","N,P,K",Aboveground biomass,Forage,ton,2000,10.1,2.192,0.295,1.4,"2,000",89.9,89.9,2.192,13.7,,0
6,"Alfalfa + Smooth Brome, for hay (cut 2)","Medicago sativa, Bromus inermis","MESA, BRIN2","N,P",Aboveground biomass,Forage,ton,2000,10.2,2.192,0.21,#DIV/0!,"2,000",89.8,89.8,2.192,13.7,,0
7,"Alfalfa + Timothy, for green chop (50% alfalfa)","Medicago sativa, Phleum pratense","MESA, PHPR3","N,P,K",Aboveground biomass,Forage,ton,2000,78.08,3.364748858,0.368824201,2.239360731,"2,000",21.9,21.93,3.36,21,,0
8,"Alfalfa + Timothy, for hay","Medicago sativa, Phleum pratense","MESA, PHPR3","N,P,K",Aboveground biomass,Forage,ton,2000,10.37,2.172886905,0.211071429,2.16,"2,000",89,89.63,2.192,13.7,,0
9,"Alfalfa + Timothy, for hay (cut 1)","Medicago sativa, Phleum pratense","MESA, PHPR3","N,P",Aboveground biomass,Forage,ton,2000,9.8,1.792,0.14,#DIV/0!,"2,000",90.2,90.2,1.792,11.2,,0
10,"Alfalfa + Timothy, for hay (cut 2)","Medicago sativa, Phleum pratense","MESA, PHPR3","N,P",Aboveground biomass,Forage,ton,2000,9,2.8,0.21,#DIV/0!,"2,000",91,91,2.8,17.5,,0
11,"Alfalfa, for green chop",Medicago sativa,MESA,"N,P,K",Aboveground biomass,Forage,ton,2000,76.5,3.206196721,0.27897541,2.608032787,"2,000",25.9,23.5,3.504,21.9,,0
12,"Alfalfa, for green chop (early bloom)",Medicago sativa,MESA,"N,P,K",Aboveground biomass,Forage,ton,2000,76.18,3.351777778,0.292777778,2.717777778,"2,000",23.9,23.82,3.104,19.4,,0
13,"Alfalfa, for green chop (early bloom, cut 1)",Medicago sativa,MESA,"N,P,K",Aboveground biomass,Forage,ton,2000,76.1,2.952,0.31,3.1,"2,000",24.3,23.9,2.928,18.3,,0
14,"Alfalfa, for green chop (early bloom, cut 2)",Medicago sativa,MESA,"N,P,K",Aboveground biomass,Forage,ton,2000,74.6,2.864,0.38,2.95,"2,000",25.4,25.4,2.864,17.9,,0
15,"Alfalfa, for green chop (early bloom, cut 3)",Medicago sativa,MESA,N,Aboveground biomass,Forage,ton,2000,74.35,3.288,#DIV/0!,#DIV/0!,"2,000",23,25.65,3.52,22,,0
16,"Alfalfa, for green chop (full bloom)",Medicago sativa,MESA,"N,P,K",Aboveground biomass,Forage,ton,2000,75.05,2.796419204,0.270739477,2.890978261,"2,000",24.7,24.95,2.832,17.7,,0
17,"Alfalfa, for green chop (full bloom, cut 1)",Medicago sativa,MESA,"N,P,K",Aboveground biomass,Forage,ton,2000,75.3,2.528,0.4,2.88,"2,000",24.7,24.7,2.528,15.8,,0
18,"Alfalfa, for green chop (full bloom, cut 2)",Medicago sativa,MESA,N,Aboveground biomass,Forage,ton,2000,71.4,2.256,#DIV/0!,#DIV/0!,"2,000",26.7,28.6,2.352,14.7,,0
19,"Alfalfa, for green chop (full bloom, cut 3)",Medicago sativa,MESA,N,Aboveground biomass,Forage,ton,2000,71.2,2.208,#DIV/0!,#DIV/0!,"2,000",63.57021505,28.8,2.141487225,13.38627753,,0
20,"Alfalfa, for green chop (mid bloom)",Medicago sativa,MESA,"N,P,K",Aboveground biomass,Forage,ton,2000,75.08,3.158580237,0.29166996,2.713478261,"2,000",24.2,24.92,3.264,20.4,,0
21,"Alfalfa, for green chop (mid bloom, cut 1)",Medicago sativa,MESA,N,Aboveground biomass,Forage,ton,2000,77.9,2.496,#DIV/0!,#DIV/0!,"2,000",22.1,22.1,2.496,15.6,,0
22,"Alfalfa, for green chop (mid bloom, cut 2)",Medicago sativa,MESA,"P,K",Aboveground biomass,Forage,ton,2000,76.8,#DIV/0!,0.43,3.25,"2,000",23.2,23.2,2.141487225,13.38627753,,0
23,"Alfalfa, for green chop (pre bloom)",Medicago sativa,MESA,"N,P,K",Aboveground biomass,Forage,ton,2000,78.34,3.487117588,0.343919598,2.267952261,"2,000",20.9,21.66,3.392,21.2,,0
24,"Alfalfa, for green chop (pre bloom, cut 1)",Medicago sativa,MESA,"N,P,K",Aboveground biomass,Forage,ton,2000,82.9,3.488,0.39,3.4,"2,000",17.1,17.1,3.488,21.8,,0
25,"Alfalfa, for green chop (pre bloom, cut 2)",Medicago sativa,MESA,"N,P,K",Aboveground biomass,Forage,ton,2000,76.95,3.376,0.375,3.39,"2,000",23.1,23.05,3.28,20.5,,0
26,"Alfalfa, for green chop (pre bloom, cut 3)",Medicago sativa,MESA,N,Aboveground biomass,Forage,ton,2000,76.8,3.92,#DIV/0!,#DIV/0!,"2,000",23.2,23.2,3.92,24.5,,0
27,"Alfalfa, for hay",Medicago sativa,MESA,"N,P,K",Aboveground biomass,Forage,ton,2000,9.65,2.78879558,0.261298343,2.119198895,"2,000",91.4,90.35,2.72,17,,0
28,"Alfalfa, for hay (cut 1)",Medicago sativa,MESA,"N,P,K",Aboveground biomass,Forage,ton,2000,9.9,2.616,0.35,2.48,"2,000",89.4,90.1,2.304,14.4,,0
29,"Alfalfa, for hay (cut 2)",Medicago sativa,MESA,"N,P,K",Aboveground biomass,Forage,ton,2000,9.35,2.856,0.285,1.92,"2,000",89.9,90.65,2.64,16.5,,0
30,"Alfalfa, for hay (cut 3)",Medicago sativa,MESA,"N,P,K",Aboveground biomass,Forage,ton,2000,10.3,2.968,0.19,2.47,"2,000",89.3,89.7,2.736,17.1,,0
31,"Alfalfa, for hay (early bloom)",Medicago sativa,MESA,"N,P,K",Aboveground biomass,Forage,ton,2000,10.58,3.054446409,0.228798343,2.344198895,"2,000",90.1,89.42,3.152,19.7,,0
32,"Alfalfa, for hay (early bloom, cut 1)",Medicago sativa,MESA,"N,P,K",Aboveground biomass,Forage,ton,2000,9.3,2.736,0.255,2.465,"2,000",90.2,90.7,2.448,15.3,,0
33,"Alfalfa, for hay (early bloom, cut 2)",Medicago sativa,MESA,"N,P,K",Aboveground biomass,Forage,ton,2000,12,3.168,0.255,2.54,"2,000",87,88,3.328,20.8,,0
34,"Alfalfa, for hay (early bloom, cut 3)",Medicago sativa,MESA,"N,P,K",Aboveground biomass,Forage,ton,2000,12.95,3.248,0.27,2.84,"2,000",85.9,87.05,3.36,21,,0
35,"Alfalfa, for hay (full bloom)",Medicago sativa,MESA,"N,P,K",Aboveground biomass,Forage,ton,2000,11.12,2.618647514,0.238273481,1.764198895,"2,000",87.6,88.88,2.656,16.6,,0
36,"Alfalfa, for hay (full bloom, cut 1)",Medicago sativa,MESA,"N,P,K",Aboveground biomass,Forage,ton,2000,15.25,2.392,0.22,1.99,"2,000",83.1,84.75,2.336,14.6,,0
37,"Alfalfa, for hay (full bloom, cut 2)",Medicago sativa,MESA,N,Aboveground biomass,Forage,ton,2000,12.7,2.592,#DIV/0!,#DIV/0!,"2,000",85.6,87.3,2.688,16.8,,0
38,"Alfalfa, for hay (full bloom, cut 3)",Medicago sativa,MESA,N,Aboveground biomass,Forage,ton,2000,12.35,1.96,#DIV/0!,#DIV/0!,"2,000",87.6,87.65,1.776,11.1,,0
39,"Alfalfa, for hay (mid bloom)",Medicago sativa,MESA,"N,P,K",Aboveground biomass,Forage,ton,2000,10.76,2.805646409,0.251298343,1.779198895,"2,000",89.5,89.24,2.8,17.5,,0
40,"Alfalfa, for hay (mid bloom, cut 1)",Medicago sativa,MESA,"N,P",Aboveground biomass,Forage,ton,2000,11.05,2.424,0.25,#DIV/0!,"2,000",87.8,88.95,2.032,12.7,,0
41,"Alfalfa, for hay (mid bloom, cut 2)",Medicago sativa,MESA,"N,P,K",Aboveground biomass,Forage,ton,2000,9.2,2.736,0.31,3.25,"2,000",90.5,90.8,2.576,16.1,,0
42,"Alfalfa, for hay (mid bloom, cut 3)",Medicago sativa,MESA,N,Aboveground biomass,Forage,ton,2000,11.6,3.008,#DIV/0!,#DIV/0!,"2,000",63.57021505,88.4,2.141487225,13.38627753,,0
43,"Alfalfa, for hay (pre bloom)",Medicago sativa,MESA,"N,P,K",Aboveground biomass,Forage,ton,2000,11.34,3.388963536,0.336160221,2.436160221,"2,000",87.5,88.66,3.2,20,,0
44,"Alfalfa, for hay (pre bloom, cut 1)",Medicago sativa,MESA,"N,P,K",Aboveground biomass,Forage,ton,2000,17.4,2.528,0.29,2.8,"2,000",82.6,82.6,2.528,15.8,,0
45,"Alfalfa, for hay (pre bloom, cut 2)",Medicago sativa,MESA,N,Aboveground biomass,Forage,ton,2000,14,2.496,#DIV/0!,#DIV/0!,"2,000",86,86,2.496,15.6,,0
46,"Alfalfa, for hay (pre bloom, cut 3)",Medicago sativa,MESA,N,Aboveground biomass,Forage,ton,2000,15.4,3.168,#DIV/0!,#DIV/0!,"2,000",84.6,84.6,3.168,19.8,,0
47,"Alfalfa, for hay (late vegetative, cut 1)",Medicago sativa,MESA,"N,P,K",Aboveground biomass,Forage,ton,2000,12.4,3.184,0.28,2.8,"2,000",63.57021505,87.6,2.141487225,13.38627753,,0
48,"Alfalfa, for hay (late vegetative, cut 2)",Medicago sativa,MESA,"N,P,K",Aboveground biomass,Forage,ton,2000,13,3.216,0.37,3.39,"2,000",63.57021505,87,2.141487225,13.38627753,,0
49,"Alfalfa, for hay (late vegetative, cut 3)",Medicago sativa,MESA,"N,P",Aboveground biomass,Forage,ton,2000,14,3.056,0.22,#DIV/0!,"2,000",63.57021505,86,2.141487225,13.38627753,,0
50,"Alfalfa, for seed",Medicago sativa,MESA,N,Seed,Forage,cwt,100,11.7,6.014795017,#DIV/0!,#DIV/0!,100,88.3,88.3,6.016,37.6,,0
51,"Alfalfa, for silage (tenth bloom, cut 2)",Medicago sativa,MESA,"N,P,K",Aboveground biomass,Forage,ton,2000,75.9,3.34,0.38,2.88,"2,000",63.57021505,24.1,2.141487225,13.38627753,,0
52,Almonds (without shell),Prunus dulcis,PRDU,"N,P,K",Seed,Tree and fruit,lb of seed,1,4.42,3.339610797,0.544046872,0.765850596,1,63.57021505,95.58,2.141487225,13.38627753,,0
53,Alomond (with shell),Prunus dulcis,PRDU,N,Fruit,Tree and fruit,lb of fruit,1,15,3.3,#DIV/0!,#DIV/0!,1,63.57021505,85,2.141487225,13.38627753,,0
54,Apple,Malus sp.,MALUS,"N,P,K",Fruit,Tree and fruit,lb of fruit ,1,81.78,0.338793093,0.051779714,0.747809583,48,17.9,18.22,0.448,2.8,,0
55,Apricot,Prunus armeniaca,PRAR3,"N,P,K",Fruit,Tree and fruit,lb of fruit ,1,86.35,1.641025641,0.139194139,2.168498169,24,63.57021505,13.65,2.141487225,13.38627753,,0
56,"Artichoke-Globe, for bud",Cynara scolymus,CYSC2,"N,P,K",Bud,Vegetable,lb of fruit ,1,83,2.541176471,0.509411765,2,23,63.57021505,17,2.141487225,13.38627753,,0
57,"Artichoke-Jerusalum, for tuber",Helianthus tuberosus,HETU,"N,P,K",Tuber,Vegetable,lb of tuber,1,80.07,1.52,0.303333333,2.016666667,10,20.5,19.93,1.568,9.8,,0
58,"Asparagus-Green, for shoot or spear (immature)",Asparagus officinalis,ASOF,"N,P",Shoot (immature),Vegetable,lb of stem ,1,92,5.55,0.69,#DIV/0!,30,63.57021505,8,2.141487225,13.38627753,,0
59,"Asparagus-White, for shoot or spear (immature)",Asparagus officinalis,ASOF,"N,P",Shoot (immature),Vegetable,lb of stem ,1,93,4.342857143,0.742857143,#DIV/0!,30,63.57021505,7,2.141487225,13.38627753,,0
60,Avocado (all varieties),Persea americana,PEAM3,"N,P,K",Fruit,Tree and fruit,lb of fruit ,1,74.27,1.231247571,0.159347066,2.328021765,55,63.57021505,25.73,2.141487225,13.38627753,,0
61,Avocado (Florida),Persea americana,PEAM3,"N,P,K",Fruit,Tree and fruit,lb of fruit ,1,79.73,1.255056734,0.192402565,2.407498767,55,63.57021505,20.27,2.141487225,13.38627753,,0
62,Avocadoe (California),Persea americana,PEAM3,"N,P,K",Fruit,Tree and fruit,lb of fruit ,1,72.56,1.2303207,0.153061224,2.310495627,55,63.57021505,27.44,2.141487225,13.38627753,,0
63,"Bahiagrass, for green chop",Paspalum notatum,PANO2,"N,P,K",Aboveground biomass,Forage,ton,2000,69.7,1.322666667,0.173333333,2.055,"2,000",30.3,30.3,1.328,8.3,,0
64,"Bahiagrass, for hay",Paspalum notatum,PANO2,"N,P",Aboveground biomass,Forage,ton,2000,9.83,1.52,0.2,#DIV/0!,"2,000",89.9,90.17,2.141487225,13.38627753,,0
65,"Bahiagrass, for hay (mature)",Paspalum notatum,PANO2,N,Fruit,Forage,ton,2000,9.1,0.752,#DIV/0!,#DIV/0!,"2,000",90.8,90.9,0.752,4.7,,0
66,Banana,Musa sp.,MUSA2,"N,P,K",Fruit,Tree and fruit,lb of fruit ,1,74.26,0.64024864,0.077700078,1.538461539,40,63.57021505,25.74,2.141487225,13.38627753,,0
67,"Barley-2 row, for grain",Hordeum vulgare,HOVU,"N,P,K",Floret,Cereal and oil,bu,48,13.3,2.32,0.35,0.49,48,63.57021505,86.7,2.141487225,13.38627753,,0
68,"Barley-2 row, for straw",Hordeum vulgare,HOVU,"N,P,K",Straw,Cereal and oil,lb straw/bu grain,72,9.2,0.688,0.08,2.11,48,63.57021505,90.8,2.141487225,13.38627753,,0
69,"Barley-6 row, for grain (excluding Pacific Coast)",Hordeum vulgare,HOVU,"N,P,K",Floret,Cereal and oil,bu,48,11.72,2.109338703,0.419356823,0.537024609,48,89,88.28,2.08,13,,0
70,"Barley-6 row, for grain (Pacific coast only)",Hordeum vulgare,HOVU,"N,P,K",Floret,Cereal and oil,bu,48,10.77,1.614054134,0.375691509,0.58,48,88.8,89.23,1.568,9.8,,0
71,"Barley-6 row, for green chop (boot)",Hordeum vulgare,HOVU,"N,P,K",Aboveground biomass,Forage,ton,2000,79.65,2.204648649,0.37018018,1.578288288,"2,000",63.57021505,20.35,2.141487225,13.38627753,,0
72,"Barley-6 row, for hay",Hordeum vulgare,HOVU,"N,P,K",Aboveground biomass,Forage,ton,2000,11.28,1.418136564,0.260825991,1.489196035,"2,000",87.7,88.73,1.392,8.7,,0
73,"Barley-6 row, for straw",Hordeum vulgare,HOVU,"N,P,K",Straw,Cereal and oil,lb straw/bu grain,72,11.25,0.686047242,0.095555556,1.793888889,"2,000",84.1,88.75,0.704,4.4,,0
74,"Bean, for seed (dry)",Phaseolus sp.,PHASE,"N,P,K",Seed,Vegetable,cwt,100,11.4,4.224,0.54,2.69,100,63.57021505,88.6,2.141487225,13.38627753,,0
75,"Bean-Faba, for pod with seeds (immature)",Vicia faba,VIFA,"N,P,K",Fruit,Vegetable,lb of fruit,1,81,4.715789474,0.5,1.315789474,1,63.57021505,19,2.141487225,13.38627753,,0
76,"Bean-Kidney, for seed",Phaseolus vulgaris,PHVU,"N,P,K",Seed,Vegetable,cwt,100,10.75,3.985707865,0.443333333,1.066666667,100,88.8,89.25,3.952,24.7,,0
77,"Bean-Kidney, for straw",Phaseolus vulgaris,PHVU,"N,P,K",Straw,Vegetable,lb straw/cwt grain,76.14,12.3,1.274971942,0.151967826,1.594927048,100,85.7,87.7,1.584,9.9,,0
78,"Bean-Lima(baby), for pod with seeds",Phaseolus lunatus,PHLU2,"N,P",Fruit,Vegetable,lb of fruit,1,69,3.664516129,0.564516129,#DIV/0!,1,63.57021505,31,2.141487225,13.38627753,,0
79,"Bean-Lima, for pod with seeds",Phaseolus lunatus,PHLU2,"N,P,K",Fruit,Vegetable,lb of fruit,1,71,3.475862069,0.5,0.896551724,1,63.57021505,29,2.141487225,13.38627753,,0
80,"Bean-Lima, for seed",Phaseolus lunatus,PHLU2,"N,P,K",Seed,Vegetable,cwt,100,9.98,3.594547486,0.408058659,1.854860335,100,89.6,90.03,3.312,20.7,,0
81,"Bean-Lima, for straw",Phaseolus lunatus,PHLU2,"N,P,K",Straw,Vegetable,ton,2000,10.95,1.198629256,0.14295174,1.142390572,"2,000",63.57021505,89.05,1.216,7.6,,0
82,"Bean-Navy, for seed",Phaseolus vulgaris,PHVU,"N,P,K",Seed,Vegetable,cwt,100,10.38,4.028666667,0.608333333,1.432777778,100,89.7,89.63,4.048,25.3,,0
83,"Bean-Navy, for straw",Phaseolus vulgaris,PHVU,"N,P,K",Straw,Vegetable,lb straw/cwt grain,76.14,10.93,1.155962589,0.14530116,1.141593715,100,63.57021505,89.07,2.141487225,13.38627753,,0
84,Bean-Snap for seed (dry),Phaseolus vulgaris,PHVU,N,Seed,Vegetable,cwt,100,10,4,#DIV/0!,#DIV/0!,100,63.57021505,90,2.141487225,13.38627753,,0
85,"Bean-Snap, for pod with seeds (immature)",Phaseolus vulgaris,PHVU,"N,P,K",Fruit,Vegetable,lb of fruit,1,87.75,2.995652174,0.498695652,2.304347826,1,63.57021505,12.25,2.141487225,13.38627753,,0
86,Beechnut (dry),Fagus grandifolia,FAGR,N,Nut,Tree and fruit,lb of nut,1,6.6,1.062098501,#DIV/0!,#DIV/0!,1,63.57021505,93.4,2.141487225,13.38627753,,0
87,"Beet-Red Table, for root",Beta vulgaris,BEVU2,"N,P,K",Root,Vegetable,lb of root,1,87.46,2.145927273,0.323538462,2.457552389,25,12.7,12.54,2.016,12.6,,0
88,"Beet-Red Table, for top",Beta vulgaris,BEVU2,"N,P,K",Stem and leaf,Vegetable,lb of leaf,1,87.95,3.686,0.44,6.26,35,9.1,12.05,3.872,24.2,,0
89,"Bentgrass-Colonial, for hay",Agrostis capillaris,AGCA5,"N,P,K",Aboveground biomass,Forage,ton,2000,13.1,1.136,0.2,1.6,"2,000",86.9,86.9,1.136,7.1,,0
90,"Bermudagrass, for green chop",Cynodon dactylon,CYDA,"N,P,K",Aboveground biomass,Forage,ton,2000,70.88,1.878,0.1925,1.9575,"2,000",30.9,29.13,1.792,11.2,,0
91,"Bermudagrass, for green chop (early to mid bloom)",Cynodon dactylon,CYDA,"N,P,K",Aboveground biomass,Forage,ton,2000,68.33,1.735047619,0.21,1.735714286,"2,000",35,31.67,1.648,10.3,,0
92,"Bermudagrass, for green chop (full bloom to mature)",Cynodon dactylon,CYDA,"N,P,K",Aboveground biomass,Forage,ton,2000,68.33,1.518380952,0.19,1.3,"2,000",35,31.67,1.648,10.3,,0
93,"Bermudagrass, for green chop (pre bloom)",Cynodon dactylon,CYDA,"N,P,K",Aboveground biomass,Forage,ton,2000,75,2.75,0.23,2.13,"2,000",63.57021505,25,2.141487225,13.38627753,,0
94,"Bermudagrass, for hay",Cynodon dactylon,CYDA,"N,P,K",Aboveground biomass,Forage,ton,2000,9.05,1.374556169,0.189986188,1.549765193,"2,000",91.2,90.95,1.264,7.9,,0
95,"Bermudagrass, for hay (early to mid bloom)",Cynodon dactylon,CYDA,N,Aboveground biomass,Forage,ton,2000,11.05,1.61,#DIV/0!,#DIV/0!,"2,000",92.9,88.95,1.52,9.5,,0
96,"Bermudagrass, for hay (full bloom to mature)",Cynodon dactylon,CYDA,N,Aboveground biomass,Forage,ton,2000,11.4,1.198,#DIV/0!,#DIV/0!,"2,000",92.2,88.6,1.296,8.1,,0
97,"Bermudagrass, for hay (pre bloom)",Cynodon dactylon,CYDA,N,Aboveground biomass,Forage,ton,2000,12.2,2.354,#DIV/0!,#DIV/0!,"2,000",90.6,87.8,2.208,13.8,,0
98,Blackberry,Rubus sp.,RUBUS,"N,P,K",Fruit,Tree and fruit,lb of fruit ,1,85.64,0.802228412,0.146239554,1.364902507,11,63.57021505,14.36,2.141487225,13.38627753,,0
99,Blackeye pea or Cowpea or Southern Pea,Vigna unguiculata ssp. unguiculata,VIUNU,"N,P,K",Seed,Vegetable,cwt,100,85,3.52,0.52,1.466666667,100,63.57021505,15,2.141487225,13.38627753,,0
100,Blueberry,Vaccinium sp.,VACCI,"N,P,K",Fruit,Tree and fruit,lb of fruit ,1,84.61,0.696556205,0.064977258,0.578297596,11,63.57021505,15.39,2.141487225,13.38627753,,0
101,"Bluegrass, for green chop",Poa sp.,POA,"N,P,K",Aboveground biomass,Forage,ton,2000,68.85,2.913907285,0.430463576,1.953642384,"2,000",32.1,31.15,2.141487225,13.38627753,,0
102,"Bluegrass, for green chop (early bloom)",Poa sp.,POA,"N,P,K",Aboveground biomass,Forage,ton,2000,64.3,2.352,0.29,2.14,"2,000",35.7,35.7,2.352,14.7,,0
103,"Bluegrass, for green chop (full bloom)",Poa sp.,POA,"N,P,K",Aboveground biomass,Forage,ton,2000,67.1,1.168,0.27,1.37,"2,000",32.9,32.9,1.168,7.3,,0
104,"Bluegrass, for green chop (mid bloom)",Poa sp.,POA,"N,P,K",Aboveground biomass,Forage,ton,2000,70.7,2,0.31,1.97,"2,000",29.3,29.3,2,12.5,,0
105,"Bluegrass, for hay",Poa sp.,POA,"N,P,K",Aboveground biomass,Forage,ton,2000,10.3,1.76,0.27,1.72,"2,000",89.7,89.7,1.76,11,,0
106,"Bluegrass, for hay (full bloom)",Poa sp.,POA,N,Aboveground biomass,Forage,ton,2000,11.1,1.68,#DIV/0!,#DIV/0!,"2,000",88.9,88.9,1.68,10.5,,0
107,"Bluegrass-Kentucky, for green chop",Poa pratensis,POPR,"N,P,K",Aboveground biomass,Forage,ton,2000,70.47,2.603302428,0.396821192,1.967880795,"2,000",29,29.53,2.496,15.6,,0
108,"Bluegrass-Kentucky, for green chop (early bloom)",Poa pratensis,POPR,"N,P,K",Aboveground biomass,Forage,ton,2000,65.07,2.656,0.37,2.01,"2,000",34.8,34.93,2.656,16.6,,0
109,"Bluegrass-Kentucky, for green chop (full bloom)",Poa pratensis,POPR,"N,P,K",Aboveground biomass,Forage,ton,2000,65.35,2.115384615,0.282362637,2.005494506,"2,000",32.9,34.65,2.141487225,13.38627753,,0
110,"Bluegrass-Kentucky, for green chop (mature)",Poa pratensis,POPR,N,Aboveground biomass,Forage,ton,2000,66.6,1.285,#DIV/0!,#DIV/0!,"2,000",41.8,33.4,1.52,9.5,,0
111,"Bluegrass-Kentucky, for green chop (mid bloom)",Poa pratensis,POPR,"N,P,K",Aboveground biomass,Forage,ton,2000,69.38,2.298424242,0.31,1.99,"2,000",31.7,30.63,2.112,13.2,,0
112,"Bluegrass-Kentucky, for hay",Poa pratensis,POPR,"N,P,K",Aboveground biomass,Forage,ton,2000,10.95,1.602331096,0.283003356,1.922002237,"2,000",88.9,89.05,1.632,10.2,,0
113,"Bluegrass-Kentucky, for hay (early bloom)",Poa pratensis,POPR,N,Aboveground biomass,Forage,ton,2000,10,1.952,#DIV/0!,#DIV/0!,"2,000",63.57021505,90,1.952,12.2,,0
114,"Bluegrass-Kentucky, for hay (full bloom)",Poa pratensis,POPR,"N,P,K",Aboveground biomass,Forage,ton,2000,7.9,1.424,0.27,1.52,"2,000",92.1,92.1,1.424,8.9,,0
115,"Bluegrass-Kentucky, for hay (mature)",Poa pratensis,POPR,"N,P,K",Aboveground biomass,Forage,ton,2000,11.86,1.006403666,0.229773769,1.698825888,"2,000",90.2,88.14,1.008,6.3,,0
116,"Bluegrass-Kentucky, for hay (mid bloom)",Poa pratensis,POPR,"N,P",Aboveground biomass,Forage,ton,2000,13.45,1.723,0.24,#DIV/0!,"2,000",88.1,86.55,1.696,10.6,,0
117,"Bluestem, for green chop",Andropogon sp.,ANDRO2,"N,P,K",Aboveground biomass,Forage,ton,2000,60.35,1.346486804,0.146627566,1.348973607,"2,000",45.2,39.65,1.344,8.4,,0
118,"Bluestem, for green chop (early bloom)",Andropogon sp.,ANDRO2,N,Aboveground biomass,Forage,ton,2000,65.8,1.68,#DIV/0!,#DIV/0!,"2,000",34.2,34.2,1.68,10.5,,0
119,"Bluestem, for green chop (full bloom)",Andropogon sp.,ANDRO2,"N,P",Aboveground biomass,Forage,ton,2000,29.6,#DIV/0!,0.13,#DIV/0!,"2,000",70.4,70.4,2.141487225,13.38627753,,0
120,"Bluestem, for green chop (mature)",Andropogon sp.,ANDRO2,"N,P,K",Aboveground biomass,Forage,ton,2000,42.52,1.009433071,0.126948819,0.51,"2,000",61.1,57.48,1.136,7.1,,0
121,"Bluestem, for hay",Andropogon sp.,ANDRO2,N,Aboveground biomass,Forage,ton,2000,10.83,0.896267898,#DIV/0!,#DIV/0!,"2,000",90.9,89.17,0.864,5.4,,0
122,"Bluestem, for hay (early bloom)",Andropogon sp.,ANDRO2,N,Aboveground biomass,Forage,ton,2000,20,1.4,#DIV/0!,#DIV/0!,"2,000",63.57021505,80,2.141487225,13.38627753,,0
123,"Bluestem, for hay (full bloom)",Andropogon sp.,ANDRO2,N,Aboveground biomass,Forage,ton,2000,20,1.1,#DIV/0!,#DIV/0!,"2,000",63.57021505,80,2.141487225,13.38627753,,0
124,"Bluestem, for hay (mature)",Andropogon sp.,ANDRO2,N,Aboveground biomass,Forage,ton,2000,20,0.7,#DIV/0!,#DIV/0!,"2,000",63.57021505,80,2.141487225,13.38627753,,0
125,"Brazilnut (dry, unblanched)",Bertholletia excelsa,BEEX2,"N,P,K",Nut,Tree and fruit,lb of nut,1,3.34,2.373680944,0.620732464,0.620732464,1,63.57021505,96.66,2.141487225,13.38627753,,0
126,Breadfruit,Artocarpus altilis,ARAL7,"N,P,K",Fruit,Tree and fruit,lb of fruit ,1,70.65,0.58330494,0.102214651,1.669505963,15,63.57021505,29.35,2.141487225,13.38627753,,0
127,"Broccoli, for stem",Brassica oleracea var. italica,BROLI,N,Stem,Vegetable,lb of stem ,1,54.9,3.376,#DIV/0!,#DIV/0!,23,45.1,45.1,3.376,21.1,,0
128,"Broccoli, for stem and immature floral parts",Brassica oleracea var. italica,BROLI,"N,P,K",Stem and floral parts,Vegetable,lb of stem ,1,89.7,5.646666667,0.753333333,3.545,23,10.9,10.3,5.28,33,,0
129,"Bromegrass, for green chop",Bromus sp.,BROMU,"N,P,K",Aboveground biomass,Forage,ton,2000,64.4,2.144,0.285,2.19,"2,000",36,35.6,1.952,12.2,,0
130,"Bromegrass, for green chop (late bloom)",Bromus sp.,BROMU,N,Aboveground biomass,Forage,ton,2000,72.6,1.792,#DIV/0!,#DIV/0!,"2,000",27.1,27.4,1.712,10.7,,0
131,"Bromegrass, for green chop (mature)",Bromus sp.,BROMU,"N,P,K",Aboveground biomass,Forage,ton,2000,44,1.024,0.26,1.25,"2,000",63.57021505,56,2.141487225,13.38627753,,0
132,"Bromegrass, for hay",Bromus sp.,BROMU,"N,P,K",Aboveground biomass,Forage,ton,2000,8.93,1.530666667,0.16,1.64,"2,000",91.4,91.07,1.552,9.7,,0
133,"Bromegrass, for hay (early bloom)",Bromus sp.,BROMU,"N,P,K",Aboveground biomass,Forage,ton,2000,7.1,1.736,0.325,1.91,"2,000",63.57021505,92.9,1.648,10.3,,0
134,"Bromegrass, for hay (mature)",Bromus sp.,BROMU,"N,P,K",Aboveground biomass,Forage,ton,2000,8.63,1.061333333,0.086666667,1.9,"2,000",90.1,91.37,1.072,6.7,,0
135,"Bromegrass, for seed",Bromus sp.,BROMU,"N,K",Floret,Forage,cwt,100,55.8,1.552,#DIV/0!,0.93,100,44.2,44.2,1.552,9.7,,0
136,"Bromegrass-Smooth, for green chop",Bromus inermis,BRIN2,"N,P,K",Aboveground biomass,Forage,ton,2000,67.6,2.176,0.32,3.16,"2,000",36.2,32.4,2.141487225,13.38627753,,0
137,"Bromegrass-Smooth, for green chop (full bloom)",Bromus inermis,BRIN2,"N,P,K",Aboveground biomass,Forage,ton,2000,71.3,1.885777778,0.28,2.33,"2,000",27.1,28.7,1.632,10.2,,0
138,"Bromegrass-Smooth, for green chop (mature)",Bromus inermis,BRIN2,"N,P,K",Aboveground biomass,Forage,ton,2000,45.5,0.836264151,0.19245283,0.34,"2,000",55.1,54.5,0.928,5.8,,0
139,"Bromegrass-Smooth, for green chop (mid bloom)",Bromus inermis,BRIN2,N,Aboveground biomass,Forage,ton,2000,70,2.24,#DIV/0!,#DIV/0!,"2,000",30,30,2.24,14,,0
140,"Bromegrass-Smooth, for green chop (pre bloom)",Bromus inermis,BRIN2,N,Aboveground biomass,Forage,ton,2000,74.7,3.024,#DIV/0!,#DIV/0!,"2,000",63.57021505,25.3,2.141487225,13.38627753,,0
141,"Bromegrass-Smooth, for hay",Bromus inermis,BRIN2,"N,P,K",Aboveground biomass,Forage,ton,2000,10.48,2.027342342,0.230990991,2.203761261,"2,000",89.7,89.53,1.872,11.7,,0
142,"Bromegrass-Smooth, for hay (full bloom)",Bromus inermis,BRIN2,"N,K",Aboveground biomass,Forage,ton,2000,10.63,1.661863014,#DIV/0!,1.43,"2,000",90.1,89.37,1.696,10.6,,0
143,"Bromegrass-Smooth, for hay (mature)",Bromus inermis,BRIN2,"N,P,K",Aboveground biomass,Forage,ton,2000,6.83,0.98,0.192765957,2.305,"2,000",92.9,93.17,2.141487225,13.38627753,,0
144,"Bromegrass-Smooth, for hay (mid bloom)",Bromus inermis,BRIN2,"N,P,K",Aboveground biomass,Forage,ton,2000,12.4,1.968,0.28,1.99,"2,000",87.6,87.6,1.6,10,,0
145,"Bromegrass-Smooth, for hay (late vegetative)",Bromus inermis,BRIN2,"N,P,K",Aboveground biomass,Forage,ton,2000,8.8,3.152,0.46,3.41,"2,000",63.57021505,91.2,2.141487225,13.38627753,,0
146,"Bromegrass-Smooth, for hay (pre bloom)",Bromus inermis,BRIN2,N,Aboveground biomass,Forage,ton,2000,9.7,1.93145515,#DIV/0!,#DIV/0!,"2,000",90.3,90.3,1.936,12.1,,0
147,"Bromegrsss, for hay (late bloom)",Bromus sp.,BROMU,"N,P,K",Aboveground biomass,Forage,ton,2000,12.9,1.192,0.35,2.32,"2,000",85.4,87.1,0.992,6.2,,0
148,"Brussel Sprouts, for bud",Brassica oleracea var.gemmifera,BROLG,"N,P,K",Bud,Vegetable,lb of fruit ,1,86.6,4.981333333,0.5125,3.25,25,14.8,13.4,5.296,33.1,,0
149,"Buckwheat (ordinary cultivars), for grain",Fagopyrum sp.,FAGOP2,"N,P,K",Seed,Cereal and oil,bu,48,12.2,1.937932723,0.360568182,0.510340909,48,87.7,87.8,1.936,12.1,,0
150,"Buckwheat (ordinary cultivars), for straw",Fagopyrum sp.,FAGOP2,"N,P,K",Straw,Cereal and oil,ton,2000,11.32,0.791639892,0.101286682,2.619334086,"2,000",88.3,88.68,0.784,4.9,,0
151,Butternut (dry),Juglans cinerea,JUCI,"N,P,K",Nut,Tree and fruit,lb of nut,1,3.34,4.121663563,0.461411132,0.435547279,1,63.57021505,96.66,2.141487225,13.38627753,,0
152,"Cabbage, for head (with outer leaves)",Brassica oleracea,BROL,"N,P,K",Head (terminal bud and leaves),Vegetable,lb of leaf,1,90.8,3.454468085,0.354787234,2.727730497,50,63.57021505,9.2,2.141487225,13.38627753,,0
153,"Cabbage, for head (without outer leaves)",Brassica oleracea,BROL,"N,P,K",Head (terminal bud and leaves),Vegetable,lb of leaf,1,91.7,3.034245614,0.384912281,3.163157895,50,8.7,8.3,2.912,18.2,,0
154,"Cabbage, for waste (outer leaves)",Brassica oleracea,BROL,"N,P",Leaf,Vegetable,lb of leaf,1,85.75,2.664556962,0.21,#DIV/0!,1,14.8,14.25,2.304,14.4,,0
155,Cabbage-Chinese,Brassica oleracea,BROL,"N,P,K",Leaf and petiole,Vegetable,lb of leaf,1,93,3.085714286,0.485714286,2.928571429,40,63.57021505,7,2.141487225,13.38627753,,0
156,Cabbage-Red,Brassica oleracea,BROL,"N,P,K",Head (terminal bud and leaves),Vegetable,lb of leaf,1,92,2.8,0.525,2.375,50,63.57021505,8,2.141487225,13.38627753,,0
157,Cabbage-White,Brassica oleracea,BROL,"N,P,K",Head (terminal bud and leaves),Vegetable,lb of leaf,1,92,2.4,0.425,2.75,50,63.57021505,8,2.141487225,13.38627753,,0
158,"Canarygrass-Reed, for green chop",Phalaris arundinacea,PHAR3,"N,P,K",Aboveground biomass,Forage,ton,2000,75.8,2.424,0.33,3.64,"2,000",25.4,24.2,2.752,17.2,,0
159,"Canarygrass-Reed, for green chop (early bloom)",Phalaris arundinacea,PHAR3,"N,P",Aboveground biomass,Forage,ton,2000,76.1,2.12,0.2,#DIV/0!,"2,000",25.5,23.9,1.648,10.3,,0
160,Cherry (sweet),Prunus avium,PRAV,"N,P,K",Fruit,Tree and fruit,lb of fruit ,1,81.38,1.073960499,0.098752599,1.164241164,18,63.57021505,18.62,2.141487225,13.38627753,,0
161,Chestnut-Chinese,Castanea mollissima,CAMO83,"N,P,K",Fruit,Tree and fruit,lb of fruit ,1,43.95,1.198929527,0.171275647,0.79750223,18,63.57021505,56.05,2.141487225,13.38627753,,0
162,Chestnut-European,Castanea sativa,CASA27,"N,P,K",Fruit,Tree and fruit,lb of fruit,1,48.65,0.754040896,0.181110029,1.008763389,1,63.57021505,51.35,2.141487225,13.38627753,,0
163,Chestnut-Japanese,Castanea crenata,CACR27,"N,P,K",Fruit,Tree and fruit,lb of fruit,1,61.41,0.932884167,0.186576833,0.852552475,1,63.57021505,38.59,2.141487225,13.38627753,,0
164,"Chicory, for green chop",Cichorium,CICHO,N,Aboveground biomass,Forage,ton,2000,82.6,0.0352,#DIV/0!,#DIV/0!,"2,000",17.4,17.4,0.0352,0.22,,0
165,Chive,Allium schoenoprasum,ALSC,"N,P,K",Leaf,Vegetable,lb of leaf,1,92,5.6,0.6375,3.125,1,63.57021505,8,2.141487225,13.38627753,,0
166,"Clover + Timothy, for hay","Trifolium sp., Phleum pratense","TRIFO, PHPR3","N,P,K",Aboveground biomass,Forage,ton,2000,11.1,1.488,0.17,1.81,"2,000",88.9,88.9,1.488,9.3,,0
167,"Canarygrass-Reed, for hay (vegetative)",Phalaris arundinacea,PHAR3,"N,P",Aboveground biomass,Forage,ton,2000,8.25,2.64,0.24,#DIV/0!,"2,000",91.7,91.75,2.384,14.9,,0
168,"Canola, for seed",Brassica sp.,BRASS2,"N,P,K",Seed,Cereal and oil,cwt,100,8.93,3.888736648,0.62,0.98,100,90.5,91.07,3.6,22.5,,0
169,"Canola, for straw",Brassica sp.,BRASS2,N,Straw,Cereal and oil,lb straw/cwt grain,236,20.3,0.56,#DIV/0!,#DIV/0!,100,79.7,79.7,0.56,3.5,,0
170,Carambola,Averrhoa carambola,AVCA,"N,P,K",Fruit,Tree and fruit,lb of fruit ,1,90.92,0.95154185,0.176211454,1.795154185,22,63.57021505,9.08,2.141487225,13.38627753,,0
171,Carissa,Carissa macrocarpa,CAMA37,"N,P,K",Fruit,Tree and fruit,lb of fruit,1,84.17,0.505369551,0.044219836,1.642451042,1,63.57021505,15.83,2.141487225,13.38627753,,0
172,"Carrot, for root",Daucus carota ssp. sativus,DACAS,"N,P,K",Root,Vegetable,lb of root,1,88,1.510773109,0.328355742,2.430168067,25,12.9,12,1.648,10.3,,0
173,"Canarygrass-Reed, for green chop (mature)",Phalaris arundinacea,PHAR3,"N,P",Aboveground biomass,Forage,ton,2000,70,1.248,0.2,#DIV/0!,"2,000",30,30,1.248,7.8,,0
174,"Canarygrass-Reed, for green chop (mid bloom)",Phalaris arundinacea,PHAR3,"N,P,K",Aboveground biomass,Forage,ton,2000,74.7,1.984,0.28,2.4,"2,000",27.7,25.3,1.984,12.4,,0
175,"Canarygrass-Reed, for green chop (vegetative)",Phalaris arundinacea,PHAR3,"N,P,K",Aboveground biomass,Forage,ton,2000,76.25,2.528,0.4,3.31,"2,000",24.5,23.75,3.056,19.1,,0
176,"Canarygrass-Reed, for hay",Phalaris arundinacea,PHAR3,"N,P,K",Aboveground biomass,Forage,ton,2000,10.97,1.701333333,0.283333333,2.99,"2,000",88.8,89.03,1.84,11.5,,0
177,"Canarygrass-Reed, for hay (early bloom)",Phalaris arundinacea,PHAR3,"N,P,K",Aboveground biomass,Forage,ton,2000,8.1,2.184,0.47,2.62,"2,000",91.5,91.9,1.792,11.2,,0
178,"Canarygrass-Reed, for hay (mature)",Phalaris arundinacea,PHAR3,"N,P",Aboveground biomass,Forage,ton,2000,7.9,1.424,0.145,#DIV/0!,"2,000",91.5,92.1,2.141487225,13.38627753,,0
179,"Canarygrass-Reed, for hay (mid bloom)",Phalaris arundinacea,PHAR3,"P,K",Aboveground biomass,Forage,ton,2000,8.1,#DIV/0!,0.31,2.07,"2,000",91.9,91.9,2.141487225,13.38627753,,0
180,"Carrot, for top",Daucus carota ssp. sativus,DACAS,"N,P,K",Stem and leaves,Vegetable,lb of stem and leaf,1,83.83,2.349666667,0.1875,1.875,1,16.5,16.17,2.624,16.4,,0
181,"Cauliflower, for immature inflorescence",Brassica oleracea var. botrytis,BROLB,"N,P,K",Inflorescence,Vegetable,lb of fruit ,1,90.88,4.42631579,0.664473684,3.22,50,9,9.13,4.8,30,,0
182,Celery-Green,Apium graveolens var. dulce,APGRD,"N,P,K",Petiole,Vegetable,lb of stem ,1,94.55,2.424,0.66,4.8,60,5.9,5.45,1.968,12.3,,0
183,Celery-Self-blanching,Apium graveolens var. dulce,APGRD,"N,P,K",Petiole,Vegetable,lb of stem ,1,96,2.8,0.675,4,60,63.57021505,4,2.141487225,13.38627753,,0
184,"Chard-Swiss, for immature leaf",Beta vulgaris ssp. cicla,BEVUC,"N,P,K",Leaf,Vegetable,lb of leaf,1,92,3.6,0.575,3,35,63.57021505,8,2.141487225,13.38627753,,0
185,Cherimoya,Annona cherimola,ANCH9,"N,P",Fruit,Tree and fruit,lb of fruit,1,73.5,0.78490566,0.150943396,#DIV/0!,1,63.57021505,26.5,2.141487225,13.38627753,,0
186,"Cherry (sour, red)",Prunus cerasus,PRCE,"N,P,K",Fruit,Tree and fruit,lb of fruit ,1,86.13,1.153568854,0.10814708,1.247296323,18,63.57021505,13.87,2.141487225,13.38627753,,0
187,"Clover-Alsike, for green chop",Trifolium hybridum,TRHY,"N,P,K",Aboveground biomass,Forage,ton,2000,77.2,2.8876,0.285681818,2.7,"2,000",22.5,22.8,2.896,18.1,,0
188,"Clover-Alsike, for green chop (full bloom)",Trifolium hybridum,TRHY,"N,P,K",Aboveground biomass,Forage,ton,2000,75.87,2.496063492,0.260777509,2.582372881,"2,000",23.6,24.13,2.512,15.7,,0
189,"Clover-Alsike, for green chop (mid bloom)",Trifolium hybridum,TRHY,"N,P,K",Aboveground biomass,Forage,ton,2000,76.4,2.512,0.25,2.58,"2,000",23.6,23.6,2.512,15.7,,0
190,"Clover-Alsike, for hay",Trifolium hybridum,TRHY,"N,P,K",Aboveground biomass,Forage,ton,2000,12.56,2.266845444,0.254679415,2.48116423,"2,000",87.4,87.44,2.272,14.2,,0
191,"Clover-Alsike, for hay (early bloom)",Trifolium hybridum,TRHY,N,Aboveground biomass,Forage,ton,2000,17.85,2.632,#DIV/0!,#DIV/0!,"2,000",82.2,82.15,2.64,16.5,,0
192,"Clover-Alsike, for hay (full bloom)",Trifolium hybridum,TRHY,"N,P,K",Aboveground biomass,Forage,ton,2000,10.35,2.362247191,0.280898876,2.550561798,"2,000",90.3,89.65,2.32,14.5,,0
193,"Clover-Alsike, for hay (mid bloom)",Trifolium hybridum,TRHY,"N,P,K",Aboveground biomass,Forage,ton,2000,11,2.416,0.28,2.55,"2,000",89,89,2.416,15.1,,0
194,"Clover-Crimson, for green chop",Trifolium incarnatum,TRIN3,"N,P,K",Aboveground biomass,Forage,ton,2000,80.78,2.737579888,0.275356081,3.100862069,"2,000",17.6,19.22,2.72,17,,0
195,"Clover-Crimson, for green chop (late bloom)",Trifolium incarnatum,TRIN3,N,Aboveground biomass,Forage,ton,2000,84.1,2.816,#DIV/0!,#DIV/0!,"2,000",15.9,15.9,2.816,17.6,,0
196,"Clover-Crimson, for hay",Trifolium incarnatum,TRIN3,"N,P,K",Aboveground biomass,Forage,ton,2000,11.75,2.654096389,0.224392347,2.759329609,"2,000",88.8,88.25,2.672,16.7,,0
197,"Clover-Crimson, for hay (early bloom)",Trifolium incarnatum,TRIN3,N,Aboveground biomass,Forage,ton,2000,15.1,3.776,#DIV/0!,#DIV/0!,"2,000",84.9,84.9,3.776,23.6,,0
198,"Clover-Crimson, for hay (late bloom)",Trifolium incarnatum,TRIN3,N,Aboveground biomass,Forage,ton,2000,13.9,2.624,#DIV/0!,#DIV/0!,"2,000",86.1,86.1,2.624,16.4,,0
199,"Clover-Red + Grass, for hay","Trifolium pratense, Poaceae",TRPR2,"N,P,K",Aboveground biomass,Forage,ton,2000,11.6,2.272,0.23,1.42,"2,000",88.1,88.4,2.24,14,,0
200,"Clover-Red + Grass, for hay (full bloom)","Trifolium pratense, Poaceae",TRPR2,N,Aboveground biomass,Forage,ton,2000,11.3,2.528,#DIV/0!,#DIV/0!,"2,000",88.7,88.7,2.528,15.8,,0
201,"Clover-Red + Grass, for hay (mature)","Trifolium pratense, Poaceae",TRPR2,"N,P",Aboveground biomass,Forage,ton,2000,8.6,1.776,0.25,#DIV/0!,"2,000",91.4,91.4,1.776,11.1,,0
202,"Clover-Red + Grass, for hay (mid bloom)","Trifolium pratense, Poaceae",TRPR2,"N,P,K",Aboveground biomass,Forage,ton,2000,10.8,2.656,0.23,1.59,"2,000",89.2,89.2,2.656,16.6,,0
203,"Clover-Red + Timothy, for hay","Trifolium partense, Phleum pratense","TRPR2, PHPR3","P,K",Aboveground biomass,Forage,ton,2000,9.6,#DIV/0!,0.17,1.52,"2,000",90.4,90.4,2.141487225,13.38627753,,0
204,"Clover-Red, for green chop",Trifolium pratense,TRPR2,"N,P,K",Aboveground biomass,Forage,ton,2000,77.5,2.921061225,0.29372449,2.401632653,"2,000",22.7,22.5,2.928,18.3,,0
205,"Clover-Red, for green chop (early bloom)",Trifolium pratense,TRPR2,"N,P,K",Aboveground biomass,Forage,ton,2000,80.15,3.104,0.38,2.49,"2,000",19.7,19.85,3.104,19.4,,0
206,"Clover-Red, for green chop (full bloom)",Trifolium pratense,TRPR2,"N,P,K",Aboveground biomass,Forage,ton,2000,73.58,2.374716484,0.284917582,1.964505495,"2,000",27.6,26.42,2.384,14.9,,0
207,"Clover-Red, for green chop (late vegetative)",Trifolium pratense,TRPR2,N,Aboveground biomass,Forage,ton,2000,75,3.4,#DIV/0!,#DIV/0!,"2,000",63.57021505,25,2.141487225,13.38627753,,0
208,"Clover-Red, for green chop (mid bloom)",Trifolium pratense,TRPR2,"N,P,K",Aboveground biomass,Forage,ton,2000,74.27,2.424986301,0.284863014,1.98,"2,000",23.5,25.73,2.496,15.6,,0
209,"Clover-Red, for hay",Trifolium pratense,TRPR2,"N,P,K",Aboveground biomass,Forage,ton,2000,13.95,2.507601359,0.261625142,1.887157418,"2,000",78,86.05,2.352,14.7,,0
210,"Clover-Red, for hay (early bloom)",Trifolium pratense,TRPR2,"N,P,K",Aboveground biomass,Forage,ton,2000,12.53,2.394049187,0.309455165,1.909551646,"2,000",86.4,87.47,2.32,14.5,,0
211,"Clover-Red, for hay (full bloom)",Trifolium pratense,TRPR2,"N,P,K",Aboveground biomass,Forage,ton,2000,13.55,2.42703689,0.249455165,1.859701097,"2,000",86.1,86.45,2.704,16.9,,0
212,"Clover-Red, for hay (late vegetative)",Trifolium pratense,TRPR2,N,Aboveground biomass,Forage,ton,2000,15,3.35,#DIV/0!,#DIV/0!,"2,000",63.57021505,85,2.141487225,13.38627753,,0
213,"Clover-Red, for hay (mature)",Trifolium pratense,TRPR2,"N,P,K",Aboveground biomass,Forage,ton,2000,8.8,1.936,0.21,1.7,"2,000",91.2,91.2,1.68,10.5,,0
214,"Clover-Red, for hay (mid bloom)",Trifolium pratense,TRPR2,"N,P,K",Aboveground biomass,Forage,ton,2000,11.7,2.458049187,0.279455165,1.553034431,"2,000",88.4,88.3,2.496,15.6,,0
215,"Clover-Red, for seed",Trifolium pratense,TRPR2,"N,P",Seed,Forage,cwt,100,12.23,5.892571429,0.61,#DIV/0!,100,63.57021505,87.77,2.141487225,13.38627753,,0
216,"Clover-White, for green chop",Trifolium repens,TRRE3,"N,P,K",Aboveground biomass,Forage,ton,2000,81.9,4.255685393,0.473904494,2.221207865,"2,000",17.7,18.1,4.512,28.2,,0
217,"Clover-White, for green chop (full bloom)",Trifolium repens,TRRE3,"N,P",Aboveground biomass,Forage,ton,2000,82.1,4.528,0.44,#DIV/0!,"2,000",17.9,17.9,4.528,28.3,,0
218,"Clover-White, for hay",Trifolium repens,TRRE3,"N,P,K",Aboveground biomass,Forage,ton,2000,9.73,3.089409091,0.352045455,2.25,"2,000",90.7,90.28,3.008,18.8,,0
219,"Clover-White, for hay (full bloom)",Trifolium repens,TRRE3,N,Aboveground biomass,Forage,ton,2000,7.6,3.216,#DIV/0!,#DIV/0!,"2,000",92.4,92.4,3.216,20.1,,0
220,"Clover-White, for hay (late bloom)",Trifolium repens,TRRE3,N,Aboveground biomass,Forage,ton,2000,12.4,2.768,#DIV/0!,#DIV/0!,"2,000",87.6,87.6,2.768,17.3,,0
221,"Clover-White, for hay (mature)",Trifolium repens,TRRE3,N,Aboveground biomass,Forage,ton,2000,7.8,2.256,#DIV/0!,#DIV/0!,"2,000",92.2,92.2,2.256,14.1,,0
222,"Clover-White-Ladino type + Grass, for green chop","Trifolium repens, Poaceae",TRRE3,"N,P",Aboveground biomass,Forage,ton,2000,80,2.8,0.4,#DIV/0!,"2,000",20,20,2.8,17.5,,0
223,"Clover-White-Ladino type + Grass, for green chop (early bloom)","Trifolium repens, Poaceae",TRRE3,N,Aboveground biomass,Forage,ton,2000,80,2.448,#DIV/0!,#DIV/0!,"2,000",20,20,2.448,15.3,,0
224,"Clover-White-Ladino type + Grass, for hay","Trifolium repens, Poaceae",TRRE3,"N,P,K",Aboveground biomass,Forage,ton,2000,11.25,2.918278596,0.227587769,1.962627407,"2,000",89.2,88.75,2.96,18.5,,0
225,"Clover-White-Ladino type + Grass, for hay (mature)","Trifolium repens, Poaceae",TRRE3,"N,P,K",Aboveground biomass,Forage,ton,2000,8.5,1.808,0.22,1.75,"2,000",91.5,91.5,1.808,11.3,,0
226,"Clover-White-Ladino type + Timonth, for silage","Trifolimu repens, Phleum pratense","TRRE3, PHPR3","N,P,K",Aboveground biomass,Forage,ton,2000,70.6,3.168,0.2,2.22,"2,000",29.4,29.4,3.168,19.8,,0
227,"Clover-White-Ladino type, for green chop",Trifolium repens,TRRE3,"N,P,K",Aboveground biomass,Forage,ton,2000,80.94,3.953580723,0.410421687,1.94936747,"2,000",18,19.06,3.952,24.7,,0
228,"Clover-White-Ladino type, for green chop (early bloom)",Trifolium repens,TRRE3,"P,K",Aboveground biomass,Forage,ton,2000,64.6,#DIV/0!,0.31,3.17,"2,000",35.4,35.4,2.141487225,13.38627753,,0
229,"Clover-White-Ladino type, for hay",Trofolium repens,TRRE3,"N,P,K",Aboveground biomass,Forage,ton,2000,10.82,3.324152957,0.323149297,2.431145251,"2,000",89.5,89.18,3.312,20.7,,0
230,"Clover-White-Ladino type, for hay (early bloom)",Trofolium repens,TRRE3,"N,P",Aboveground biomass,Forage,ton,2000,7.57,3.52959276,0.31,#DIV/0!,"2,000",94.5,92.43,3.264,20.4,,0
231,"Clover-White-Ladino type, for hay (mature)",Trofolium repens,TRRE3,"N,P,K",Aboveground biomass,Forage,ton,2000,8.9,2.528,0.25,2.16,"2,000",91.1,91.1,2.528,15.8,,0
232,"Coconut, for meat",Cocos nucifera,CONU,"N,P,K",Fruit,Tree and fruit,lb of fruit ,1,46.99,1.005093379,0.213167327,0.671571402,40,63.57021505,53.01,2.141487225,13.38627753,,0
233,"Coconut, for milk",Cocos nucifera,CONU,"N,P,K",Fruit,Tree and fruit,lb of fruit ,1,67.62,1.131562693,0.308832613,0.812229771,40,63.57021505,32.38,2.141487225,13.38627753,,0
234,"Corn-Field, for grain (shelled, yellow dent, grade #1)",Zea mays ssp. mays,ZEMAM2,"N,P,K",Caryopsis,Cereal and oil,bu,56,13.52,1.637313016,0.312586636,0.344444444,56,85.8,86.48,2.141487225,13.38627753,,0
235,"Corn-Field, for silage (dough stage)",Zea mays ssp. mays,ZEMAM2,"N,P,K",Aboveground biomass,Forage,ton,2000,71.2,1.2356,0.185,1.04,"2,000",28.1,28.8,1.232,7.7,,0
236,"Corn-Field, for silage (mature)",Zea mays ssp. mays,ZEMAM2,"N,P,K",Aboveground biomass,Forage,ton,2000,70.08,1.295144928,0.378405797,1.035652174,"2,000",33.6,29.93,1.216,7.6,,0
237,"Corn-Field, for silage (milk stage)",Zea mays ssp. mays,ZEMAM2,"N,P,K",Aboveground biomass,Forage,ton,2000,76.87,1.418666667,0.24,1.465,"2,000",25.4,23.13,1.344,8.4,,0
238,"Corn-Field, for stover (yield less than 95 bu/acre, mature, without ear, dry)",Zea mays ssp. mays,ZEMAM2,"N,P,K",Stover,Cereal and oil,lb stover/bu grain,56,13.3,0.983381898,0.099834437,1.503647903,"2,000",84.4,86.7,1.088,6.8,,0
239,"Corn-Field, for stover (yield more than 95 bu/acre, mature, without ear, dry)",Zea mays ssp. mays,ZEMAM2,"N,P,K",Stover,Cereal and oil,lb stover/bu grain,70,13.3,0.983381898,0.099834437,1.503647903,"2,000",84.4,86.7,1.088,6.8,,0
240,"Corn-Popcorn, for grain",Zea mays ssp. mays,ZEMAM2,"N,P",Caryopsis,Cereal and oil,bu,50,10.1,2.047111111,0.328055556,#DIV/0!,50,89.8,89.9,2.048,12.8,,0
241,"Corn-Popcorn, for stover (mature, without ear, dry)",Zea mays ssp. mays,ZEMAM2,"N,P,K",Stover,Cereal and oil,lb stover/bu grain,56,12.73,0.969842531,0.099779249,1.521530537,50,84.4,87.27,1.088,6.8,,0
242,"Corn-Sweet, for ears with husk (immature)",Zea mays ssp. mays,ZEMAM2,N,Ear and husk,Vegetable,lb of fruit ,1,64.85,1.611439153,#DIV/0!,#DIV/0!,50,37.8,35.15,1.616,10.1,,0
243,"Corn-Sweet, for grain (dry)",Zea mays ssp. mays,ZEMAM2,"N,P",Caryopsis,Vegetable,lb of caryopsis,1,9.07,2.005333333,0.383333333,#DIV/0!,1,90.9,90.93,2.048,12.8,,0
244,"Corn-Sweet, for stover (without ear and husk, immature)",Zea mays ssp. mays,ZEMAM2,N,Stover,Vegetable,ton,2000,76.54,1.202660465,#DIV/0!,#DIV/0!,"2,000",22,23.46,1.168,7.3,,0
245,"Corn-Sweet, for stover (without ear and husk, mature, very dry)",Zea mays ssp. mays,ZEMAM2,"N,P,K",Stover,Vegetable,lb stover/bu grain,56,9.4,1.037527594,0.099337748,1.644591612,"2,000",63.57021505,90.6,2.141487225,13.38627753,,0
246,"Cotton, for lint without seed or cotton lint",Gossypium sp.,GOSSY,N,Seed,Fiber and miscellaneous,lb of seed,1,9,0.196,#DIV/0!,#DIV/0!,1,92,91,0.192,1.2,,0
247,"Cotton, for seed with lint or seed cotton",Gossypium sp.,GOSSY,"N,P,K",Seed and lint,Fiber and miscellaneous,lb of seed and lint,1,7.8,3.296,0.41,0.49,1,92.5,92.2,2.944,18.4,,0
248,"Cotton, for seed without lint",Gossypium sp.,GOSSY,"N,P,K",Seed,Fiber and miscellaneous,lb of seed,1,8.38,3.770842503,0.734516361,1.179137001,1,63.57021505,91.63,2.141487225,13.38627753,,0
249,"Cotton, for stalks (dry)",Gossypium sp.,GOSSY,N,Straw,Fiber and miscellaneous,lb straw/lb seed cotton,1,7.7,0.985915493,#DIV/0!,#DIV/0!,1,63.57021505,92.3,2.141487225,13.38627753,,0
250,"Cowpea, for hay",Vigna unguiculata ssp. unguiculata,VIUNU,"N,P,K",Aboveground biomass,Forage,ton,2000,9.6,2.966387597,0.323427464,2.39,"2,000",90.5,90.4,2.832,17.7,,0
251,"Cowpea, for seed",Vigna unguiculata ssp. unguiculata,VIUNU,"N,P,K",Seed,Vegetable,lb of seed,1,10.65,4.134561798,0.526713483,1.327668539,1,89,89.35,3.808,23.8,,0
252,"Cowpea, for straw",Vigna unguiculata ssp. unguiculata,VIUNU,N,Straw,Forage,lb straw/lb seed,1.35,8.94,1.126869749,#DIV/0!,#DIV/0!,1,91.2,91.06,1.216,7.6,,0
253,Crabapple,Malus sp.,MALUS,"N,P,K",Fruit,Tree and fruit,lb of fruit,1,78.94,0.303893637,0.071225071,0.921177588,1,63.57021505,21.06,2.141487225,13.38627753,,0
254,Cranberry,Vaccinium macrocarpon,VAMA,"N,P,K",Fruit,Tree and fruit,lb of fruit ,1,86.54,0.46359584,0.066864785,0.527488856,18,63.57021505,13.46,2.141487225,13.38627753,,0
255,"Cucumber, for fruit",Cucumis sativus,CUSA4,"N,P,K",Fruit,Vegetable,lb of fruit ,1,95.5,2.5,0.525,4.25,55,63.57021505,4.5,2.141487225,13.38627753,,0
256,Cup plant,Silphium perfoliatum,SIPE2,"N,P,K",Aboveground biomass,Forage,ton,2000,71,3,0.05,3,"2,000",63.57021505,29,2.141487225,13.38627753,,0
257,Currant-European black,Ribes nigrum,RINI,"N,P,K",Fruit,Tree and fruit,lb of fruit ,1,81.96,1.241685144,0.327050998,1.784922395,11,63.57021505,18.04,2.141487225,13.38627753,,0
258,Currants-Red & White,Ribes rubrum,RIRU80,"N,P,K",Fruit,Tree and fruit,lb of fruit ,1,83.95,1.395638629,0.274143302,1.713395639,11,63.57021505,16.05,2.141487225,13.38627753,,0
259,Custard-Apple,Annona reticulata,ANRE,"N,P,K",Fruit,Tree and fruit,lb of fruit,1,71.5,0.954385965,0.073684211,1.340350877,1,63.57021505,28.5,2.141487225,13.38627753,,0
260,"Date palm, for fruit",Phoenix dactylifera,PHDA4,"N,P,K",Fruit,Tree and fruit,lb of fruit ,1,22.5,0.406709677,0.051612903,0.842580645,15,63.57021505,77.5,2.141487225,13.38627753,,0
261,"Eggplant, for fruit",Solanum melongena,SOME,"N,P,K",Fruit,Vegetable,lb of fruit ,1,93,2.514285714,0.313571429,3,33,63.57021505,7,2.141487225,13.38627753,,0
262,Elderberry,Sambucus sp.,SAMBU,"N,P,K",Fruit,Tree and fruit,lb of fruit ,1,79.8,0.522772277,0.193069307,1.386138614,11,63.57021505,20.2,2.141487225,13.38627753,,0
263,"Elephantgrass, for silage",Pennisetum purpureum,PEPU2,"N,P",Aboveground biomass,Forage,ton,2000,74.7,0.768,0.31,#DIV/0!,"2,000",25.3,25.3,0.768,4.8,,0
264,"Elephantgrass, for silage (mature)",Pennisetum purpureum,PEPU2,"N,P,K",Aboveground biomass,Forage,ton,2000,70.45,0.682547264,0.3,3.18,"2,000",25.5,29.55,0.688,4.3,,0
265,"Elephantgrass, for silage (vegetative)",Pennisetum purpureum,PEPU2,"N,P,K",Aboveground biomass,Forage,ton,2000,79.8,0.888174204,0.44,2.32,"2,000",19.9,20.2,0.88,5.5,,0
266,"Endive (Chicory), for immature leaf",Cichorium endivia,CIEN,"N,P,K",Leafy head,Vegetable,lb of leaf,1,95,4.16,0.45,5.6,25,63.57021505,5,2.141487225,13.38627753,,0
267,"Escarole, for leaf",Cichorium endivia,CIEN,"N,P,K",Leafy head,Vegetable,lb of leaf,1,94,3.2,0.233333333,4,25,63.57021505,6,2.141487225,13.38627753,,0
268,"Fescue, for green chop",Festuca or Lolium sp.,"FESTU, LOLIU","N,P",Aboveground biomass,Forage,ton,2000,64,1.161777778,0.25,#DIV/0!,"2,000",36,36,0.768,4.8,,0
269,"Fescue, for green chop (early bloom)",Festuca or Lolium sp.,"FESTU, LOLIU","N,P,K",Aboveground biomass,Forage,ton,2000,71,2.36,0.37,1.92,"2,000",29,29,2.448,15.3,,0
270,"Fescue, for green chop (early vegetative)",Festuca or Lolium sp.,"FESTU, LOLIU","N,P,K",Aboveground biomass,Forage,ton,2000,73.9,2.752,0.4,2.13,"2,000",26.1,26.1,2.752,17.2,,0
271,"Fescue, for green chop (late bloom)",Festuca or Lolium sp.,"FESTU, LOLIU",N,Aboveground biomass,Forage,ton,2000,64,1.536,#DIV/0!,#DIV/0!,"2,000",36,36,1.536,9.6,,0
272,"Fescue, for green chop (mature)",Festuca or Lolium sp.,"FESTU, LOLIU",N,Aboveground biomass,Forage,ton,2000,64,1.072,#DIV/0!,#DIV/0!,"2,000",36,36,1.072,6.7,,0
273,"Fescue, for green chop (over ripe)",Festuca or Lolium sp.,"FESTU, LOLIU","N,P,K",Aboveground biomass,Forage,ton,2000,64,0.608,0.11,0.9,"2,000",36,36,0.608,3.8,,0
274,"Fescue, for hay",Festuca or Lolium sp.,"FESTU, LOLIU",N,Aboveground biomass,Forage,ton,2000,10,1.511111111,#DIV/0!,#DIV/0!,"2,000",63.57021505,90,2.141487225,13.38627753,,0
275,"Fescue, for hay (early bloom)",Festuca or Lolium sp.,"FESTU, LOLIU","N,P,K",Aboveground biomass,Forage,ton,2000,11.95,1.776,0.24,1.7,"2,000",85.4,88.05,1.36,8.5,,0
276,"Fescue, for hay (early vegetative)",Festuca or Lolium sp.,"FESTU, LOLIU","N,P,K",Aboveground biomass,Forage,ton,2000,9,1.984,0.36,2.3,"2,000",63.57021505,91,2.141487225,13.38627753,,0
277,"Fescue, for hay (late vegetative)",Festuca or Lolium sp.,"FESTU, LOLIU","N,P,K",Aboveground biomass,Forage,ton,2000,7.3,2.896,0.34,2,"2,000",63.57021505,92.7,2.141487225,13.38627753,,0
278,"Fescue-Meadow, for hay",Lolium pratense,LOPR7,N,Aboveground biomass,Forage,ton,2000,11.6,1.194570136,#DIV/0!,#DIV/0!,"2,000",63.57021505,88.4,2.141487225,13.38627753,,0
279,"Fescue-Tall, for green chop",Lolium arundinaceum,LOAR10,"N,P",Aboveground biomass,Forage,ton,2000,70.5,2.336,0.37,#DIV/0!,"2,000",29.5,29.5,2.368,14.8,,0
280,"Fescue-Tall, for green chop (early bloom)",Lolium arundinaceum,LOAR10,"N,P",Aboveground biomass,Forage,ton,2000,71.4,2.672,0.37,#DIV/0!,"2,000",28.6,28.6,2.672,16.7,,0
281,"Fescue-Tall, for green chop (early bloom) (Pacific coast)",Lolium arundinaceum,LOAR10,N,Aboveground biomass,Forage,ton,2000,71.4,2.176,#DIV/0!,#DIV/0!,"2,000",28.6,28.6,2.176,13.6,,0
282,"Fescue-Tall, for green chop (early vegetative)",Lolium arundinaceum,LOAR10,"N,P,K",Aboveground biomass,Forage,ton,2000,73.2,3.376,0.39,4.48,"2,000",27.6,26.8,3.536,22.1,,0
283,"Fescue-Tall, for green chop (full bloom) (Pacific coast)",Lolium arundinaceum,LOAR10,N,Aboveground biomass,Forage,ton,2000,75,1.44,#DIV/0!,#DIV/0!,"2,000",63.57021505,25,1.44,9,,0
284,"Fescue-Tall, for green chop (late vegetative)",Lolium arundinaceum,LOAR10,"N,P",Aboveground biomass,Forage,ton,2000,73.7,3.218,0.39,#DIV/0!,"2,000",27.6,26.3,3.536,22.1,,0
285,"Fescue-Tall, for green chop (late vegetative) (Pacific coast)",Lolium arundinaceum,LOAR10,N,Aboveground biomass,Forage,ton,2000,76.1,2.896,#DIV/0!,#DIV/0!,"2,000",23.9,23.9,2.896,18.1,,0
286,"Fescue-Tall, for green chop (mature)",Lolium arundinaceum,LOAR10,"N,P,K",Aboveground biomass,Forage,ton,2000,75,1.1,0.25,1.82,"2,000",63.57021505,25,2.141487225,13.38627753,,0
287,"Fescue-Tall, for green chop (mature) (Pacific coast)",Lolium arundinaceum,LOAR10,N,Aboveground biomass,Forage,ton,2000,75,1.072,#DIV/0!,#DIV/0!,"2,000",63.57021505,25,1.072,6.7,,0
288,"Fescue-Tall, for green chop (mid bloom)",Lolium arundinaceum,LOAR10,"N,P,K",Aboveground biomass,Forage,ton,2000,75,1.7,0.29,2.06,"2,000",63.57021505,25,2.141487225,13.38627753,,0
289,"Fescue-Tall, for green chop (mid bloom) (Pacific coast)",Lolium arundinaceum,LOAR10,N,Aboveground biomass,Forage,ton,2000,75,1.68,#DIV/0!,#DIV/0!,"2,000",63.57021505,25,1.68,10.5,,0
290,"Fescue-Tall, for green chop (Pacific coast)",Lolium arundinaceum,LOAR10,N,Aboveground biomass,Forage,ton,2000,70.5,1.856,#DIV/0!,#DIV/0!,"2,000",29.5,29.5,1.856,11.6,,0
291,"Fescue-Tall, for hay (early bloom)",Lolium arundinaceum,LOAR10,"N,P,K",Aboveground biomass,Forage,ton,2000,8,3.144,0.26,1.96,"2,000",63.57021505,92,3.104,19.4,,0
292,"Fescue-Tall, for hay (early vegetative)",Lolium arundinaceum,LOAR10,"N,P,K",Aboveground biomass,Forage,ton,2000,7.9,3.248,0.51,2.36,"2,000",63.57021505,92.1,2.141487225,13.38627753,,0
293,"Fescue-Tall, for hay (full bloom)",Lolium arundinaceum,LOAR10,"N,P,K",Aboveground biomass,Forage,ton,2000,8.4,2.312,0.32,2.36,"2,000",63.57021505,91.6,2.464,15.4,,0
294,"Fescue-Tall, for hay (full bloom) (Pacific coast)",Lolium arundinaceum,LOAR10,N,Aboveground biomass,Forage,ton,2000,8.4,0.752,#DIV/0!,#DIV/0!,"2,000",63.57021505,91.6,0.752,4.7,,0
295,"Fescue-Tall, for hay (late vegetative)",Lolium arundinaceum,LOAR10,N,Aboveground biomass,Forage,ton,2000,15,3.062,#DIV/0!,#DIV/0!,"2,000",63.57021505,85,3.424,21.4,,0
296,"Fescue-Tall, for hay (late vegetative) (Pacific coast)",Lolium arundinaceum,LOAR10,"N,P",Aboveground biomass,Forage,ton,2000,4.4,2.144,0.24,#DIV/0!,"2,000",95.6,95.6,2.144,13.4,,0
297,"Fescue-Tall, for hay (mature)",Lolium arundinaceum,LOAR10,"N,P,K",Aboveground biomass,Forage,ton,2000,12.5,1.714666667,0.3,1.96,"2,000",63.57021505,87.5,2.336,14.6,,0
298,"Fescue-Tall, for hay (mid bloom)",Lolium arundinaceum,LOAR10,"N,P,K",Aboveground biomass,Forage,ton,2000,11.4,2.174666667,0.29,2.06,"2,000",63.57021505,88.6,2.352,14.7,,0
299,"Fescue-Tall, for hay (over ripe)",Lolium arundinaceum,LOAR10,N,Aboveground biomass,Forage,ton,2000,8,1.448,#DIV/0!,#DIV/0!,"2,000",63.57021505,92,1.52,9.5,,0
300,"Fescue-Tall, for hay (Pacific coast)",Lolium arundinaceum,LOAR10,"N,P",Aboveground biomass,Forage,ton,2000,11,1.392,0.24,#DIV/0!,"2,000",89,89,1.392,8.7,,0
301,Fig,Ficus carica,FICA,"N,P,K",Fruit,Tree and fruit,lb of fruit ,1,79.11,0.57443753,0.067017712,1.110579225,8,63.57021505,20.89,2.141487225,13.38627753,,0
302,"Filbert or Hazelnut, dry",Corylus sp.,CORYL,"N,P,K",Nut,Tree and fruit,lb of nut,1,5.42,2.205963206,0.329879467,0.470501163,1,63.57021505,94.58,2.141487225,13.38627753,,0
303,"Flax, for seed",LInum usitatissimum,LIUS,"N,P,K",Seed,Cereal and oil,bu,56,6.14,3.703563326,0.566092751,0.844072495,56,93.2,93.86,3.968,24.8,,0
304,"Flax, for straw",LInum usitatissimum,LIUS,"N,P,K",Straw,Cereal and oil,lb straw/bu grain,80,6.94,1.112342909,0.084439655,1.741422414,56,92.9,93.06,1.248,7.8,,0
305,"Gamagrass-Eastern, for hay (inflorescence to anthesis, cut 1)",Tripsacum dactyloides,TRDA3,"N,P,K",Aboveground biomass,Forage,ton,2000,10.85,1.996,0.265,2.02,"2,000",89.15,89.15,2.141487225,13.38627753,,0
306,"Gamagrass-Eastern, for hay (seed ripening, cut 1)",Tripsacum dactyloides,TRDA3,"N,P,K",Aboveground biomass,Forage,ton,2000,10.85,1.685,0.265,2.02,"2,000",89.15,89.15,2.141487225,13.38627753,,0
307,"Gamagrass-Eastern, for hay (vegetative, cut>1)",Tripsacum dactyloides,TRDA3,"N,P,K",Aboveground biomass,Forage,ton,2000,10.85,1.69212,0.395,2.64,"2,000",89.15,89.15,1.936,12.1,,0
308,"Gamagrass-Eastern, for hay (boot, cut 1)",Tripsacum dactyloides,TRDA3,"N,P,K",Aboveground biomass,Forage,ton,2000,10.85,2.28,0.265,2.02,"2,000",89.15,89.15,2.141487225,13.38627753,,0
309,"Gamagrass-Eastern, for hay (maturity, cut 1)",Tripsacum dactyloides,TRDA3,"N,P,K",Aboveground biomass,Forage,ton,2000,10.85,1.51,0.095,3.06,"2,000",89.15,89.15,2.141487225,13.38627753,,0
310,Garlic,Allium sativum,ALSA2,"N,P,K",Bulb,Vegetable,lb of fruit ,1,61,2.625641026,0.44,1.384615385,30,63.57021505,39,2.141487225,13.38627753,,0
311,Ginkgo Nut or Maidenhair Tree Nut,Ginkgo biloba,GIBI2,"N,P,K",Fruit,Tree and fruit,lb of fruit,1,55.2,1.542857143,0.276785714,1.138392857,1,63.57021505,44.8,2.141487225,13.38627753,,0
312,Gooseberry,Ribes sp.,RIBES,"N,P,K",Fruit,Tree and fruit,lb of fruit ,1,87.87,1.16075845,0.222588623,1.632316571,11,63.57021505,12.13,2.141487225,13.38627753,,0
313,Grape-American type,Vitis sp.,VITIS,"N,P,K",Fruit,Tree and fruit,lb of fruit,1,80.65,0.569518717,0.053475936,1.021390374,1,63.57021505,19.35,2.141487225,13.38627753,,0
314,Grape-European type,Vitis vinifera,VIVI5,"N,P,K",Fruit,Tree and fruit,lb of fruit,1,80.28,0.571604938,0.066872428,0.951646091,1,63.57021505,19.72,2.141487225,13.38627753,,0
315,Grapefruit-Pink & Red (all areas),Citrus X paradisi,CIPA3,"N,P,K",Fruit,Tree and fruit,lb of fruit ,1,91.38,1.020881671,0.104408353,1.496519722,65,63.57021505,8.62,2.141487225,13.38627753,,0
316,Grapefruit-Pink & Red (California & Arizona),Citrus X paradisi,CIPA3,"N,P,K",Fruit,Tree and fruit,lb of fruit ,1,89.31,0.748362956,0.112254443,1.375116932,65,63.57021505,10.69,2.141487225,13.38627753,,0
317,Grapefruit-Pink & Red (Florida),Citrus X paradisi,CIPA3,"N,P,K",Fruit,Tree and fruit,lb of fruit ,1,91.56,1.042654028,0.106635071,1.504739337,80,63.57021505,8.44,2.141487225,13.38627753,,0
318,"Grapefruit-Pink, Red, & White (all areas)",Citrus X paradisi,CIPA3,"N,P,K",Fruit,Tree and fruit,lb of fruit ,1,90.89,1.1064764,0.087815587,1.525795829,65,63.57021505,9.11,2.141487225,13.38627753,,0
319,Grapefruit-White (all areas),Citrus X paradisi,CIPA3,"N,P,K",Fruit,Tree and fruit,lb of fruit ,1,90.48,1.159663866,0.084033613,1.554621849,65,63.57021505,9.52,2.141487225,13.38627753,,0
320,Grapefruit-white (California),Citrus X paradisi,CIPA3,"N,P,K",Fruit,Tree and fruit,lb of fruit ,1,89.58,1.351247601,0.115163148,1.372360845,65,63.57021505,10.42,2.141487225,13.38627753,,0
321,Grapefruit-white (Florida),Citrus X paradisi,CIPA3,"N,P,K",Fruit,Tree and fruit,lb of fruit ,1,90.76,1.090909091,0.075757576,1.623376623,80,63.57021505,9.24,2.141487225,13.38627753,,0
322,"Grass + Clover-Red, for hay","Poaceae, Trifolium pratense",TRPR2,"N,P,K",Aboveground biomass,Forage,ton,2000,11.6,2.272,0.23,1.42,"2,000",88.1,88.4,2.24,14,,0
323,"Grass + Clover-Red, for hay (full bloom)","Poaceae, Trifolium pratense",TRPR2,N,Aboveground biomass,Forage,ton,2000,11.3,2.528,#DIV/0!,#DIV/0!,"2,000",88.7,88.7,2.528,15.8,,0
324,"Grass + Clover-Red, for hay (mature)","Poaceae, Trifolium pratense",TRPR2,"N,P",Aboveground biomass,Forage,ton,2000,8.6,1.776,0.25,#DIV/0!,"2,000",91.4,91.4,1.776,11.1,,0
325,"Grass + Clover-Red, for hay (mid bloom)","Poaceae, Trifolium pratense",TRPR2,"N,P,K",Aboveground biomass,Forage,ton,2000,10.8,2.656,0.23,1.59,"2,000",89.2,89.2,2.656,16.6,,0
326,"Grass + Clover-White-Ladino type, for green chop","Poaceae, Trifolium repens",TRRE3,"N,P",Aboveground biomass,Forage,ton,2000,80,2.8,0.4,#DIV/0!,"2,000",20,20,2.8,17.5,,0
327,"Grass + Clover-White-Ladino type, for green chop (early bloom)","Poaceae, Trifolium repens",TRRE3,N,Aboveground biomass,Forage,ton,2000,80,2.448,#DIV/0!,#DIV/0!,"2,000",20,20,2.448,15.3,,0
328,"Grass + Clover-White-Ladino type, for hay","Poaceae, Trifolium repens",TRRE3,"N,P,K",Aboveground biomass,Forage,ton,2000,11.25,2.918278596,0.227587769,1.962627407,"2,000",89.2,88.75,2.96,18.5,,0
329,"Grass + Clover-White-Ladino type, for hay (mature)","Poaceae, Trifolium repens",TRRE3,"N,P,K",Aboveground biomass,Forage,ton,2000,8.5,1.808,0.22,1.75,"2,000",91.5,91.5,1.808,11.3,,0
330,"Grass, for green chop",Poaceae,None,"N,P,K",Aboveground biomass,Forage,ton,2000,72.5,2.503933571,0.256761566,1.969584816,"2,000",32.1,27.5,2.496,15.6,,0
331,"Grass, for green chop (early bloom)",Poaceae,None,"N,P,K",Aboveground biomass,Forage,ton,2000,71.8,1.644813853,0.228636364,1.330584416,"2,000",30.8,28.2,1.552,9.7,,0
332,"Grass, for green chop (mature)",Poaceae,None,"N,P",Aboveground biomass,Forage,ton,2000,52.1,0.977023697,0.05,#DIV/0!,"2,000",53.6,47.9,0.864,5.4,,0
333,"Grass, for hay",Poaceae,None,"N,P,K",Aboveground biomass,Forage,ton,2000,10.9,1.518606742,0.218988764,1.449578652,"2,000",89.3,89.1,1.536,9.6,,0
334,"Grass, for hay (early bloom)",Poaceae,None,P,Aboveground biomass,Forage,ton,2000,10.6,#DIV/0!,0.28,#DIV/0!,"2,000",89.4,89.4,2.141487225,13.38627753,,0
335,"Grass, for hay (full bloom)",Poaceae,None,"N,P,K",Aboveground biomass,Forage,ton,2000,10.85,1.536,0.24,1.34,"2,000",89.3,89.15,1.52,9.5,,0
336,"Grass, for hay (mature)",Poaceae,None,"N,P",Aboveground biomass,Forage,ton,2000,9.57,0.842666667,0.16,#DIV/0!,"2,000",90.9,90.43,0.56,3.5,,0
337,"Grass, for silage, (early bloom)",Poaceae,None,"N,P,K",Aboveground biomass,Forage,ton,2000,75.1,1.84,0.32,1.88,"2,000",23.4,24.9,1.936,12.1,,0
338,Groundcherry,Physalis sp.,None,"N,P",Fruit,Tree and fruit,lb of fruit,1,85.4,2.082191781,0.273972603,#DIV/0!,1,63.57021505,14.6,2.141487225,13.38627753,,0
339,"Guar, for green chop (mature)",Cyamopsis tetragonoloba,CYTE11,"N,P,K",Aboveground biomass,Forage,ton,2000,80.8,1.904,0.16,1.91,"2,000",19.2,19.2,1.904,11.9,,0
340,"Guar, for green chop (pre bloom)",Cyamopsis tetragonoloba,CYTE11,N,Aboveground biomass,Forage,ton,2000,80.8,2.56,#DIV/0!,#DIV/0!,"2,000",19.2,19.2,2.56,16,,0
341,"Guar, for green chop (vegetative)",Cyamopsis tetragonoloba,CYTE11,"N,P,K",Aboveground biomass,Forage,ton,2000,81,2.336,0.17,1.92,"2,000",63.57021505,19,2.336,14.6,,0
342,"Guar, for hay",Cyamopsis tetragonoloba,CYTE11,N,Aboveground biomass,Forage,ton,2000,8.05,2.664,#DIV/0!,#DIV/0!,"2,000",91.9,91.95,2.768,17.3,,0
343,Guava-Common,Psidium guajava,PSGU,"N,P,K",Fruit,Tree and fruit,lb of fruit ,1,86.1,0.943884892,0.179856115,2.043165468,10,63.57021505,13.9,2.141487225,13.38627753,,0
344,Guava-Strawberry,Psidium cattleianum,PSCA,"N,P,K",Fruit,Tree and fruit,lb of fruit ,1,80.66,0.47983454,0.139607032,1.509824199,10,63.57021505,19.34,2.141487225,13.38627753,,0
345,Hickory Nut (dry),Carya sp.,CARYA,"N,P,K",Nut,Tree and fruit,lb of nut,1,2.65,2.090600925,0.345146379,0.447868516,1,63.57021505,97.35,2.141487225,13.38627753,,0
346,Jackfruit,Artocarpus heterophyllus,ARHE2,"N,P,K",Fruit,Tree and fruit,lb of fruit,1,72.23,0.846957148,0.129636298,1.09110551,1,63.57021505,27.77,2.141487225,13.38627753,,0
347,Java-plum,Syzygium cumini,SYCU,"N,P,K",Fruit,Tree and fruit,lb of fruit,1,83.13,0.682868998,0.100770599,0.4682869,1,63.57021505,16.87,2.141487225,13.38627753,,0
348,"Jojoba, for seed",Simmondsia chinensis,SICH,N,Seed,Fiber and miscellaneous,lb of seed,1,4.9,2.368,#DIV/0!,#DIV/0!,1,95.1,95.1,2.368,14.8,,0
349,Jujube-Common,Ziziphus zizyphus,ZIZI,"N,P,K",Fruit,Tree and fruit,lb of fruit,1,77.86,0.867208672,0.103884372,1.129177958,1,63.57021505,22.14,2.141487225,13.38627753,,0
350,"Kale, for leaf",Brassica oleracea,BROL,"N,P,K",Leaf,Vegetable,lb of leaf,1,85,3.52,0.373333333,2.666666667,35,63.57021505,15,2.141487225,13.38627753,,0
351,"Kale, for green chop",Brassica oleracea,BROL,"N,P,K",Stem and leaf,Forage,lb of leaf,1,88.53,3.398779661,0.529491525,3.03,35,11.6,11.47,3.328,20.8,,0
352,Kiwi,Actinidia deliciosa,not in PLANTS,"N,P,K",Fruit,Tree and fruit,lb of fruit ,1,83.05,0.934513274,0.235988201,1.958702065,125,63.57021505,16.95,2.141487225,13.38627753,,0
353,Kohlrabi,Brassica oleracea var. gongylodes,BROLG2,"N,P,K",Stem,Vegetable,lb of stem,1,91,3.022222222,0.511111111,3.888888889,1,63.57021505,9,2.141487225,13.38627753,,0
354,Kumquat,Fortunella sp.,FORTU,"N,P,K",Fruit,Tree and fruit,lb of fruit ,1,81.7,0.786885246,0.103825137,1.065573771,22,63.57021505,18.3,2.141487225,13.38627753,,0
355,Leek,Allium porrum,ALPO2,"N,P,K",Bulb,Vegetable,lb of fruit ,1,83,1.411764706,0.205882353,1.058823529,20,63.57021505,17,2.141487225,13.38627753,,0
356,Lemon,Citrus limon,CILI,"N,P,K",Fruit,Tree and fruit,lb of fruit ,1,87.2,1.511904762,0.119047619,1.150793651,79,63.57021505,12.8,2.141487225,13.38627753,,0
357,"Lentil-Common, for seed",Lens culinaris,LECU2,"N,P,K",Seed,Vegetable,lb of seed,1,11.33,4.362666667,0.426666667,0.856666667,60,88.5,88.67,4.48,28,,0
358,"Lespedeza-Korean, for hay (early bloom)",Kummerowia stipulacea,KUST,N,Aboveground biomass,Forage,ton,2000,6.1,2.448,#DIV/0!,#DIV/0!,"2,000",93.9,93.9,2.448,15.3,,0
359,"Lespedeza-Korean, for hay (full bloom)",Kummerowia stipulacea,KUST,"N,P,K",Aboveground biomass,Forage,ton,2000,9,2.288,0.24,0.96,"2,000",91,91,2.288,14.3,,0
360,"Lespedeza-Korean, for hay (pre bloom)",Kummerowia stipulacea,KUST,N,Aboveground biomass,Forage,ton,2000,13,1.984,#DIV/0!,#DIV/0!,"2,000",87,87,1.984,12.4,,0
361,"Lespedeza-Korean, for hay (vegetative)",Kummerowia stipulacea,KUST,"N,P,K",Aboveground biomass,Forage,ton,2000,9.6,2.544,0.21,1.05,"2,000",90.4,90.4,2.544,15.9,,0
362,"Lespedeza-Sericea, for hay",Lespedeza cuneata,LECU,"N,P,K",Aboveground biomass,Forage,ton,2000,10,2.221865471,0.248318386,1.099327354,"2,000",90.8,90,2.224,13.9,,0
363,"Lespedeza-Sericea, for hay (cut 2)",Lespedeza cuneata,LECU,"N,P,K",Aboveground biomass,Forage,ton,2000,8.6,2.304,0.23,1.01,"2,000",91.4,91.4,2.304,14.4,,0
364,"Lespedeza-Sericea, for hay (cut 3)",Lespedeza cuneata,LECU,"N,P,K",Aboveground biomass,Forage,ton,2000,8.2,2.416,0.23,0.93,"2,000",91.8,91.8,2.416,15.1,,0
365,"Lespedeza-Sericea, for hay (early bloom)",Lespedeza cuneata,LECU,"N,P,K",Aboveground biomass,Forage,ton,2000,5.4,2.752,0.26,0.69,"2,000",94.6,94.6,2.752,17.2,,0
366,"Lespedeza-Sericea, for hay (full boom)",Lespedeza cuneata,LECU,"N,P",Aboveground biomass,Forage,ton,2000,5.6,2.432,0.22,#DIV/0!,"2,000",94.4,94.4,2.432,15.2,,0
367,"Lespedeza-Sericea, for hay (mid bloom)",Lespedeza cuneata,LECU,N,Aboveground biomass,Forage,ton,2000,7.2,2.704,#DIV/0!,#DIV/0!,"2,000",92.8,92.8,2.704,16.9,,0
368,"Lespedeza-Sericea, for hay (vegetative)",Lespedeza cuneata,LECU,"N,P,K",Aboveground biomass,Forage,ton,2000,5.8,2.976,0.27,0.99,"2,000",94.2,94.2,2.976,18.6,,0
369,"Lespedeza-Sericea, for seed",Lespedeza cuneata,LECU,N,Aboveground biomass,Forage,ton,100,7.7,5.807575298,#DIV/0!,#DIV/0!,100,92.3,92.3,5.808,36.3,,0
370,"Lespedeza-Striate, for hay",Kummerowia striata,KUST2,"N,P,K",Aboveground biomass,Forage,ton,2000,11,2.496,0.29,1.37,"2,000",63.57021505,89,2.141487225,13.38627753,,0
371,"Lespedeza-Striate, for hay (early bloom)",Kummerowia striata,KUST2,"N,P,K",Aboveground biomass,Forage,ton,2000,9,2.608,0.24,1.1,"2,000",63.57021505,91,2.141487225,13.38627753,,0
372,"Lespedeza-Striate, for hay (full bloom)",Kummerowia striata,KUST2,"N,P,K",Aboveground biomass,Forage,ton,2000,10.87,2.264,0.206666667,1.036666667,"2,000",89.1,89.13,2.24,14,,0
373,"Lespedeza-Striate, for hay (mid bloom)",Kummerowia striata,KUST2,"N,P,K",Aboveground biomass,Forage,ton,2000,8,2.016,0.183333333,1.033333333,"2,000",94.2,92,2.141487225,13.38627753,,0
374,"Lespedeza-Striate, for hay (pre bloom)",Kummerowia striata,KUST2,"N,P,K",Aboveground biomass,Forage,ton,2000,11.07,2.56,0.266666667,1.213333333,"2,000",89.1,88.93,2.56,16,,0
375,"Lettuce-Butterhead or Curled, for leaf",Lactuca sativa L. var. crispa,not in PLANTS,"N,P,K",Head,Vegetable,lb of leaf,1,96,4.8,0.775,6.75,50,63.57021505,4,2.141487225,13.38627753,,0
376,"Lettuce-Chrisphead or Iceberg or Great Lakes, for leaf",Lactuca sativa L. var. capitata,not in PLANTS,"N,P,K",Head,Vegetable,lb of leaf,1,95,2.56,0.5,2,50,63.57021505,5,2.141487225,13.38627753,,0
377,"Lettuce-Head, for head",Lactuca sativa,LASA3,"N,P,K",Head,Vegetable,lb of leaf,1,94.8,3.81,0.48,4.52,50,5.4,5.2,3.52,22,,0
378,"Lettuce-Romaing or Cos, for leaf",Lactuca sativa var. longifolia,not in PLANTS,"N,P,K",Head,Vegetable,lb of leaf,1,94,4.266666667,0.75,6.666666667,28,63.57021505,6,2.141487225,13.38627753,,0
379,Lime,Citrus aurantiifolia,CIAU4,"N,P,K",Fruit,Tree and fruit,lb of fruit ,1,88.26,0.954003407,0.153321976,0.868824532,80,63.57021505,11.74,2.141487225,13.38627753,,0
380,Longan,Dimocarpus longan,DILO7,"N,P,K",Fruit,Tree and fruit,lb of fruit,1,82.75,1.215072464,0.12173913,1.542028986,1,63.57021505,17.25,2.141487225,13.38627753,,0
381,Loquat,Eriobotrya japonica,ERJA3,"N,P,K",Fruit,Tree and fruit,lb of fruit,1,86.73,0.518462698,0.203466466,2.004521477,1,63.57021505,13.27,2.141487225,13.38627753,,0
382,Lychee Nut,Litchi chinensis,LICH4,"N,P,K",Fruit,Tree and fruit,lb of fruit ,1,81.76,0.728070175,0.16995614,0.9375,15,63.57021505,18.24,2.141487225,13.38627753,,0
383,Macadamia Nut (dry),Macadamia integrifolia,MAIN8,"N,P,K",Nut,Tree and fruit,lb of nut,1,2.88,1.36738056,0.140032949,0.378912685,1,63.57021505,97.12,2.141487225,13.38627753,,0
384,Mammee apple,Mammea americana,MAAM2,"N,P,K",Fruit,Tree and fruit,lb of fruit,1,86.2,0.579710145,0.079710145,0.34057971,1,63.57021505,13.8,2.141487225,13.38627753,,0
385,Mango,Mangifera indica,MAIN3,"N,P,K",Fruit,Tree and fruit,lb of fruit ,1,81.71,0.446145435,0.060142154,0.852925096,10,63.57021505,18.29,2.141487225,13.38627753,,0
386,Melon-Canteloupe,Cucumis melo,CUME,"N,P,K",Fruit,Tree and fruit,lb of fruit ,1,89.89,1.488845401,0.362113503,3.161741683,40,63.57021505,10.11,2.141487225,13.38627753,,0
387,Melon-Casaba,Cucumis melo,CUME,"N,P,K",Fruit,Tree and fruit,lb of fruit ,1,92,1.5,0.0875,2.625,30,63.57021505,8,2.141487225,13.38627753,,0
388,Melon-Honeydew,Cucumis melo,CUME,"N,P,K",Fruit,Tree and fruit,lb of fruit ,1,88.33,0.909745574,0.164801369,2.579675644,30,63.57021505,11.67,2.141487225,13.38627753,,0
389,Melon-Waternelon,Citrullus lanatus,CILA3,"N,P,K",Fruit,Tree and fruit,cwt,100,90.84,1.113580683,0.112002356,1.333156655,100,63.57021505,9.16,2.141487225,13.38627753,,0
390,"Millet-Foxtail, for grain",Setaria italica,SEIT,"N,P,K",Floret,Cereal and oil,bu,50,10.62,2.1127641,0.343616723,0.349307894,50,89.3,89.38,2.16,13.5,,0
391,"Millet-Foxtail, for green chop and silage (late bloom)",Setaria italica,SEIT,"N,P,K",Aboveground biomass,Forage,ton,2000,72.45,1.594131488,0.18150519,1.94,"2,000",26.2,27.55,1.472,9.2,,0
392,"Millet-Foxtail, for hay",Setaria italica,SEIT,N,Aboveground biomass,Forage,ton,2000,7,1.582795699,#DIV/0!,#DIV/0!,"2,000",63.57021505,93,2.141487225,13.38627753,,0
393,"Millet-Foxtail, for straw",Setaria italica,SEIT,"N,K",Straw,Cereal and oil,ton,2000,10.67,0.673925926,#DIV/0!,1.6,"2,000",63.57021505,89.33,2.141487225,13.38627753,,0
394,"Millet-Pearl, for grain",Pennisetum glaucum,PEGL2,"N,P,K",Floret,Cereal and oil,bu,50,10.1,2.216,0.375,0.39,50,89.1,89.9,2.208,13.8,,0
395,"Millet-Pearl, for green chop and silage (milk to soft dough stage)",Pennisetum glaucum,PEGL2,"N,P,K",Aboveground biomass,Forage,ton,2000,78.4,1.544,0.26,1.63,"2,000",21.6,21.6,1.104,6.9,,0
396,"Millet-Pearl, for hay",Pennisetum glaucum,PEGL2,N,Aboveground biomass,Forage,ton,2000,10.1,1.601779755,#DIV/0!,#DIV/0!,"2,000",63.57021505,89.9,2.141487225,13.38627753,,0
397,"Millet-Pearl, for straw",Pennisetum glaucum,PEGL2,"N,K",Straw,Cereal and oil,lb straw/lb grain,1.55,10,0.677777778,#DIV/0!,1.6,"2,000",63.57021505,90,2.141487225,13.38627753,,0
398,"Millet-Proso, for grain",Panicum miliaceum,PAMI2,"N,P,K",Floret,Cereal and oil,bu,56,9.9,2.080332743,0.335464602,0.478554572,56,90,90.1,2.048,12.8,,0
399,"Millet-Proso, for straw",Panicum miliaceum,PAMI2,"N,K",Straw,Cereal and oil,lb straw/bu grain,84.5,10,0.677777778,#DIV/0!,1.6,56,63.57021505,90,2.141487225,13.38627753,,0
400,"Mustard, for seed",Brassica spp,BRASS2,N,Seed,Vegetable,cwt,100,4.1,3.837330553,#DIV/0!,#DIV/0!,100,63.57021505,95.9,2.141487225,13.38627753,,0
401,"Mint, for hay (mature)",Mentha sp.,MENTH,"N,P",Aboveground biomass,Fiber and miscellaneous,ton,2000,12.27,2.336,0.22,#DIV/0!,"2,000",87.5,87.73,2.336,14.6,,0
402,Mulberry,Morus nigra,MONI,"N,P,K",Fruit,Tree and fruit,lb of fruit,1,87.68,1.87012987,0.308441558,1.574675325,1,63.57021505,12.32,2.141487225,13.38627753,,0
403,Mungbean,Vigna radiata var. radiata,VIRAR2,"N,P,K",Seed,Vegetable,lb of seed,1,10.23,4.117333333,0.4,1.326666667,1,89.8,89.77,4.256,26.6,,0
404,Mushroom,Agaricus sp.,VIRAR2,"N,P,K",Friut,Fiber and miscellaneous,lb of fruit ,1,92,5.8,1.125,4,10,63.57021505,8,2.141487225,13.38627753,,0
405,"Mustard, for greens (immature leaf)",Brassica juncea,BRJU,"N,P,K",Leaf,Vegetable,lb of leaf,1,91,4.8,0.5,3.777777778,35,63.57021505,9,2.141487225,13.38627753,,0
406,"Mustard, for hay",Brassica sp.,BRASS2,N,Aboveground biomass,Vegetable,ton,2000,17.5,2.832,#DIV/0!,#DIV/0!,"2,000",63.57021505,82.5,2.832,17.7,,0
407,Natalgrass for hay,Melinis repens,MERE9,"N,P",Aboveground biomass,Forage,ton,2000,7.5,0.64,0.345945946,#DIV/0!,"2,000",63.57021505,92.5,2.141487225,13.38627753,,0
408,Nectarine,Prunus persica var. nectarina,PRPEN,"N,P,K",Fruit,Tree and fruit,lb of fruit ,1,86.28,1.096209913,0.116618076,1.545189504,25,63.57021505,13.72,2.141487225,13.38627753,,0
409,"Oat, for grain (not including Pacific Coast)",Avena sativa,AVSA,"N,P,K",Floret,Cereal and oil,bu,32,10.67,2.093241724,0.381844621,0.464179601,32,88.9,89.33,2.112,13.2,,0
410,"Oat, for grain (Pacific coast)",Avena sativa,AVSA,"N,P,K",Floret,Cereal and oil,bu,32,8.87,1.587649123,0.335,0.42,32,91.2,91.13,1.584,9.9,,0
411,"Oat, for green chop",Avena sativa,AVSA,"N,P,K",Aboveground biomass,Forage,ton,2000,78.9,2.12,0.24,1.89,"2,000",20.4,21.1,1.728,10.8,,0
412,"Oat, for green chop (boot to early bloom)",Avena sativa,AVSA,"N,P,K",Aboveground biomass,Forage,ton,2000,73.97,1.97593985,0.339448622,1.879899749,"2,000",26.6,26.03,1.968,12.3,,0
413,"Oat, for green chop (dough stage)",Avena sativa,AVSA,"P,K",Aboveground biomass,Forage,ton,2000,70.93,#DIV/0!,0.253333333,1.933333333,"2,000",25.6,29.07,2.141487225,13.38627753,,0
414,"Oat, for green chop (full bloom)",Avena sativa,AVSA,"P,K",Aboveground biomass,Forage,ton,2000,67.8,#DIV/0!,0.31,2.07,"2,000",32.2,32.2,2.141487225,13.38627753,,0
415,"Oat, for green chop (mature)",Avena sativa,AVSA,"N,P",Aboveground biomass,Forage,ton,2000,72,1.43542857,0.282857145,#DIV/0!,"2,000",63.57021505,28,1.328,8.3,,0
416,"Oat, for green chop (vegetative)",Avena sativa,AVSA,"N,P",Aboveground biomass,Forage,ton,2000,83.68,2.886921987,0.473532241,#DIV/0!,"2,000",14.2,16.32,2.141487225,13.38627753,,0
417,"Oat, for hay",Avena sativa,AVSA,"N,P,K",Aboveground biomass,Forage,ton,2000,10.24,1.373104523,0.237019425,1.260527809,"2,000",90.7,89.76,1.36,8.5,,0
418,"Oat, for hay (dough stage)",Avena sativa,AVSA,"N,P,K",Aboveground biomass,Forage,ton,2000,9.1,1.456,0.203333333,1.53,"2,000",88.7,90.9,1.36,8.5,,0
419,"Oat, for hay (early bloom)",Avena sativa,AVSA,N,Aboveground biomass,Forage,ton,2000,10.9,1.536,#DIV/0!,#DIV/0!,"2,000",85.5,89.1,1.536,9.6,,0
420,"Oat, for hay (full bloom)",Avena sativa,AVSA,"N,P,K",Aboveground biomass,Forage,ton,2000,14.2,1.472,0.35,2.41,"2,000",85,85.8,1.472,9.2,,0
421,"Oat, for hay (mature)",Avena sativa,AVSA,"N,P",Aboveground biomass,Forage,ton,2000,8.65,1.232,0.23,#DIV/0!,"2,000",91.7,91.35,1.28,8,,0
422,"Oat, for hay (milk stage)",Avena sativa,AVSA,"N,P",Aboveground biomass,Forage,ton,2000,12.1,1.336,0.2,#DIV/0!,"2,000",87.9,87.9,1.344,8.4,,0
423,"Oat, for hay (vegetative)",Avena sativa,AVSA,"N,P",Aboveground biomass,Forage,ton,2000,9.9,2.208,0.43,#DIV/0!,"2,000",89.2,90.1,2.208,13.8,,0
424,"Oat, green chop (milk stage)",Avena sativa,AVSA,"N,P,K",Aboveground biomass,Forage,ton,2000,73.43,1.450586466,0.339172932,2.149849624,"2,000",28.2,26.57,1.44,9,,0
425,"Oat, straw (not including Pacific coast)",Avena sativa,AVSA,"N,P,K",Straw,Cereal and oil,lb straw/bu grain,44.5,9.68,0.706193318,0.085055679,2.389292873,"2,000",88.6,90.32,0.688,4.3,,0
426,"Oat, straw (Pacific Coast)",Avena sativa,AVSA,"N,P,K",Straw,Cereal and oil,lb straw/bu grain,44.5,10.2,0.734966592,0.100222717,2.227171492,"2,000",63.57021505,89.8,2.141487225,13.38627753,,0
427,"Oatgrass-Tall, for hay",Arrhenatherum elatius,AREL3,N,Aboveground biomass,Forage,ton,2000,8.1,1.63656148,#DIV/0!,#DIV/0!,"2,000",63.57021505,91.9,2.141487225,13.38627753,,0
428,Ohelogerrie,Vaccinium reticulatum,VARE,"N,P,K",Fruit,Tree and fruit,lb of fruit,1,92.3,0.78961039,0.12987013,0.493506494,1,63.57021505,7.7,2.141487225,13.38627753,,0
429,Okra,Abelmoschus esculentus,ABES,"N,P,K",Fruit,Vegetable,lb of leaf,1,88,2.666666667,0.525,2.333333333,15,63.57021505,12,2.141487225,13.38627753,,0
430,Okra-Chinese,Luffa acutangula,LUAC2,"N,P",Fruit,Vegetable,lb of leaf,1,93,2.742857143,0.457142857,#DIV/0!,15,63.57021505,7,2.141487225,13.38627753,,0
431,Onion-Dry (bulb),Allium cepa,ALCE,"N,P",Bulb,Vegetable,lb of fruit ,1,90,2.2,0.26,#DIV/0!,10,63.57021505,10,2.141487225,13.38627753,,0
432,Onion-Dry (bulb) cultivar 'Southport White Globe',Allium cepa,ALCE,"N,P,K",Bulb,Vegetable,lb of fruit ,1,86,1.714285714,0.307142857,1.285714286,10,63.57021505,14,2.141487225,13.38627753,,0
433,Onion-Dry (bulb) cultivar 'Sweet Spanish',Allium cepa,ALCE,"N,P,K",Bulb,Vegetable,lb of fruit ,1,90,0.8,0.27,1.2,10,63.57021505,10,2.141487225,13.38627753,,0
434,Onion-Green (bulb),Allium cepa,ALCE,"N,P,K",Bulb,Vegetable,lb of fruit ,1,90,2.08,0.43,1.2,11,63.57021505,10,2.141487225,13.38627753,,0
435,Onion-Green (leaf),Allium cepa,ALCE,"N,P,K",Leaf,Vegetable,lb of leaf,1,92,4,0.375,2.75,11,63.57021505,8,2.141487225,13.38627753,,0
436,Orange (all commercial varieties),Citrus sinensis,CISI,"N,P,K",Fruit,Tree and fruit,lb of fruit ,1,84.24,1.182515723,0.12048218,1.366037736,77,15.9,15.76,1.2,7.5,,0
437,Orange (Florida),Citrus sinensis,CISI,"N,P,K",Fruit,Tree and fruit,lb of fruit ,1,87.14,0.870917574,0.093312597,1.314152411,90,63.57021505,12.86,2.141487225,13.38627753,,0
438,Orange (with peel),Citrus sinensis,CISI,"N,P,K",Fruit,Tree and fruit,lb of fruit ,1,82.3,1.175141243,0.124293785,1.107344633,77,63.57021505,17.7,2.141487225,13.38627753,,0
439,Orange-Navel (California),Citrus sinensis,CISI,"N,P,K",Fruit,Tree and fruit,lb of fruit ,1,86.81,1.249431387,0.144048522,1.349507202,77,63.57021505,13.19,2.141487225,13.38627753,,0
440,Orange-Valencia (California),Citrus sinensis,CISI,"N,P,K",Fruit,Tree and fruit,lb of fruit ,1,86.34,1.218155198,1.244509517,1.310395315,77,63.57021505,13.66,2.141487225,13.38627753,,0
441,"Orchardgrass + Alfalfa, for hay","Medicago Sativa, Dactylis glomerata","MESA, DAGL","N,P",Aboveground biomass,Forage,ton,2000,9.7,2.479714286,0.267857143,#DIV/0!,"2,000",91.2,90.3,2.592,16.2,,0
442,"Orchardgrass + Alfalfa, for hay (cut 1)","Medicago Sativa, Dactylis glomerata","MESA, DAGL","N,P,K",Aboveground biomass,Forage,ton,2000,7.95,2.144,0.2,1.49,"2,000",92.9,92.05,1.696,10.6,,0
443,"Orchardgrass, for green chop",Dactylis glomerata,DAGL,"N,P,K",Aboveground biomass,Forage,ton,2000,74.13,2.368,0.175,2.635,"2,000",24.9,25.87,2.464,15.4,,0
444,"Orchardgrass, for green chop (mature)",Dactylis glomerata,DAGL,N,Aboveground biomass,Forage,ton,2000,9.6,1.056,#DIV/0!,#DIV/0!,"2,000",90.4,90.4,0.912,5.7,,0
445,"Orchardgrass, for green chop (mid bloom)",Dactylis glomerata,DAGL,"N,P,K",Aboveground biomass,Forage,ton,2000,72.2,1.537631654,0.202377049,2.09,"2,000",30.5,27.8,1.408,8.8,,0
446,"Orchardgrass, for green chop (pre bloom)",Dactylis glomerata,DAGL,"N,P,K",Aboveground biomass,Forage,ton,2000,73.16,2.304655216,0.411997486,3.42,"2,000",27.5,26.84,2.032,12.7,,0
447,"Orchardgrass, for hay",Dactylis glomerata,DAGL,"N,P,K",Aboveground biomass,Forage,ton,2000,10.83,1.714403608,0.253232807,2.798649944,"2,000",88.6,89.17,1.776,11.1,,0
448,"Orchardgrass, for hay (mature)",Dactylis glomerata,DAGL,"N,P,K",Aboveground biomass,Forage,ton,2000,10.45,1.254326304,0.25,3.69,"2,000",90.4,89.55,1.264,7.9,,0
449,"Orchardgrass, for hay (mid bloom)",Dactylis glomerata,DAGL,"N,P,K",Aboveground biomass,Forage,ton,2000,9.5,1.696,0.45,2.05,"2,000",94.6,90.5,2.141487225,13.38627753,,0
450,"Orchardgrass, for hay (pre bloom)",Dactylis glomerata,DAGL,"N,P,K",Aboveground biomass,Forage,ton,2000,12.48,2.393352614,0.46134594,3.823743048,"2,000",84.1,87.53,1.76,11,,0
451,"Orchardgrass, for hay (vegetative)",Dactylis glomerata,DAGL,"N,P,K",Aboveground biomass,Forage,ton,2000,9.83,1.438401776,0.336592675,3.825,"2,000",89.3,90.17,2.141487225,13.38627753,,0
452,Papaya,Carica papaya,CAPA23,"N,P,K",Fruit,Tree and fruit,lb of fruit ,1,88.83,0.873769024,0.044762757,2.30080573,10,63.57021505,11.17,2.141487225,13.38627753,,0
453,Parsley,Petroselinum crispum,PECR2,"N,P,K",Leaf,Vegetable,lb of leaf,1,90,3.52,0.4,2.7,21,63.57021505,10,2.141487225,13.38627753,,0
454,Parsnip,Pastinaca sativa,PASA2,"N,P,K",Root,Vegetable,lb of leaf,1,81,1.010526316,0.363157895,1.736842105,25,63.57021505,19,2.141487225,13.38627753,,0
455,"Passion-Fruit, (purple)",Passiflora edulis,PAED,"N,P,K",Fruit,Tree and fruit,lb of fruit,1,72.93,1.300332471,0.251200591,1.285555966,1,63.57021505,27.07,2.141487225,13.38627753,,0
456,"Pea, for straw",Pisum sp.,PISUM,N,Straw,Vegetable,ton,2000,13.5,1.530666667,#DIV/0!,#DIV/0!,"2,000",84.7,86.5,1.424,8.9,,0
457,"Pea, for vine (without pods)",Pisum sp.,PISUM,N,Vine without pods,Vegetable,ton,2000,75,2,#DIV/0!,#DIV/0!,"2,000",63.57021505,25,2.141487225,13.38627753,,0
458,Peach (without skin),Prunus persica,PRPE3,"N,P,K",Fruit,Tree and fruit,lb of fruit ,1,87.83,0.953808752,0.097244733,1.59643436,25,63.57021505,12.17,2.141487225,13.38627753,,0
459,"Pea-Chinese, for immature pod with seeds",Pisum sativum,PISA6,"N,P,K",Fruit,Vegetable,lb of fruit ,1,88,3.733333333,0.441666667,1.416666667,30,63.57021505,12,2.141487225,13.38627753,,0
460,"Pea-English, for seed (immature seed)",Pisum sativum,PISA6,"N,P,K",Seed,Vegetable,lb of seed,1,79,4.495238095,0.523809524,1.238095238,30,63.57021505,21,2.141487225,13.38627753,,0
461,"Pea-Field, for hay",Pisum sativum,PISA6,"N,P,K",Aboveground biomass,Forage,ton,2000,10.93,2.57420178,0.274977604,1.489888018,"2,000",88,89.08,2.176,13.6,,0
462,"Pea-Field, for silage",Pisum sativum,PISA6,"N,P,K",Aboveground biomass,Forage,ton,2000,73,2.256,0.29,1.4,"2,000",27,27,2.256,14.1,,0
463,"Pea-Field, for seed (dry)",Pisum sativum,PISA6,"N,P,K",Seed,Vegetable,lb of seed,1,9.03,4.102871003,0.485316979,1.288902977,60,90.7,90.98,4.128,25.8,,0
464,"Pea-Field, for straw",Pisum sativum,PISA6,"N,P,K",Straw,Vegetable,lb straw/lb grain,0.588,11.2,1.335618625,0.110432373,1.198669623,60,90.2,88.8,1.088,6.8,,0
465,"Pea-Flat, for silage (early bloom)",Lathyrus sylvestris,LASY,"N,P,K",Aboveground biomass,Forage,ton,2000,73,4.22,0.37,2.22,"2,000",63.57021505,27,2.141487225,13.38627753,,0
466,"Pea-Garden, for pod",Pisum sativum,PISA6,"N,P,K",Fruit,Vegetable,lb of fruit ,1,87.1,2.24,0.23,1.4,30,12.9,12.9,2.24,14,,0
467,"Pea-Garden, for seed (dry)",Pisum sativum,PISA6,"N,P,K",Seed,Vegetable,cwt,100,10.45,4.258871003,0.477816979,1.053902977,100,89.2,89.55,4.544,28.4,,0
468,"Pea-Garden, for seed (immature seed)",Pisum sativum,PISA6,"N,P,K",Seed,Vegetable,lb of seed,1,79.5,4.347619048,0.546904762,1.238095238,30,63.57021505,20.5,2.141487225,13.38627753,,0
469,"Pea-Garden, for straw",Pisum sativum,PISA6,"N,P,K",Straw,Vegetable,ton,2000,11.2,1.335618625,0.110432373,1.198669623,"2,000",90.2,88.8,1.088,6.8,,0
470,"Peanut, for fruit (pod with seeds)",Arachis hypogaea,ARHY,"N,P,K",Fruit,Vegetable,lb of fruit,1,6.82,4.254759672,0.350230252,0.561076869,1,93.1,93.18,3.776,23.6,,0
471,"Peanut, for hay (dug and with nuts)",Arachis hypogaea,ARHY,"N,P,K",Aboveground biomass,Forage,ton,2000,8.25,2.331043478,0.156521739,0.921956522,"2,000",91.5,91.75,2.336,14.6,,0
472,"Peanut, for hay (dug and without nuts)",Arachis hypogaea,ARHY,"N,P,K",Aboveground biomass,Forage,ton,2000,9.15,1.747002208,0.186743929,1.379845475,"2,000",91.1,90.85,1.728,10.8,,0
473,"Peanut, for hay (mowed)",Arachis hypogaea,ARHY,"N,P,K",Aboveground biomass,Forage,ton,2000,10.83,1.915489059,0.16,1.38,"2,000",91.2,89.17,1.856,11.6,,0
474,"Peanut, for seed only",Arachis hypogaea,ARHY,"N,P",Seed,Vegetable,lb of seed,1,7.75,4.856613757,0.402116402,#DIV/0!,1,63.57021505,92.25,2.141487225,13.38627753,,0
475,"Peanut, for vine only",Arachis hypogaea,ARHY,"N,P,K",Aboveground biomass,Vegetable,lb vine/lb fruit,1.38,9.45,1.643002208,0.143487859,1.379690949,1,90.5,90.55,1.52,9.5,,0
476,Pear,Pyrus communis,PYCO,"N,P,K",Fruit,Tree and fruit,lb of fruit ,1,82.91,0.39271155,0.067943175,0.772081532,23,63.57021505,17.09,2.141487225,13.38627753,,0
477,"Pea-Shelling, for seed (immature seed)",Pisum sativum,PISA6,"N,P,K",Seed (immature),Vegetable,lb of seed,1,79,4.495238095,0.523809524,1.238095238,30,63.57021505,21,2.141487225,13.38627753,,0
478,"Pea-Sugar, for immature pod with seeds",Pisum sativum,PISA6,"N,P,K",Fruit,Vegetable,lb of fruit ,1,88,3.733333333,0.441666667,1.416666667,30,63.57021505,12,2.141487225,13.38627753,,0
479,Pecan (dry),Carya illinoinensis,CAIL2,N,Nut,Tree and fruit,lb of nut,1,15,2.8,#DIV/0!,#DIV/0!,1,63.57021505,85,2.141487225,13.38627753,,0
480,Pepper-Bell (green),Capsicum annuum var. annuum,CAANA4,"N,P,K",Fruit,Vegetable,lb of fruit ,1,92.5,2.178571429,0.377142857,2.142857143,30,63.57021505,7.5,2.141487225,13.38627753,,0
481,Pepper-Bell (red),Capsicum annuum var. annuum,CAANA4,"N,P,K",Fruit,Vegetable,lb of fruit ,1,91,1.422222222,0.311111111,2.222222222,30,63.57021505,9,2.141487225,13.38627753,,0
482,Pepper-Chili (green),Capsicum annuum var. annuum,CAANA4,"N,P,K",Fruit,Vegetable,lb of fruit ,1,86,2.285714286,0.328571429,1.857142857,30,63.57021505,14,2.141487225,13.38627753,,0
483,Pepper-Chili (red),Capsicum annuum var. annuum,CAANA4,"N,P,K",Fruit,Vegetable,lb of fruit ,1,84,2,0.28125,2.625,30,63.57021505,16,2.141487225,13.38627753,,0
484,Pepper-Pimiento,Capsicum annuum var. annuum,CAANA4,"N,P,K",Fruit,Vegetable,lb of fruit ,1,90,1.92,0.2,2.5,30,63.57021505,10,2.141487225,13.38627753,,0
485,Persimmon-Japanese,Diospyros kaki,DIKA2,"N,P,K",Fruit,Tree and fruit,lb of fruit ,1,80.32,0.471544715,0.086382114,0.818089431,22,63.57021505,19.68,2.141487225,13.38627753,,0
486,Persimmons-Native,Diospyros virginiana,DIVI5,"N,P,K",Fruit,Tree and fruit,lb of fruit ,1,64.4,0.359550562,0.073033708,0.870786517,22,63.57021505,35.6,2.141487225,13.38627753,,0
487,Pineapple,Ananas comosus,ANCO30,"N,P,K",Fruit,Tree and fruit,lb of fruit ,1,86.5,0.462222222,0.051851852,0.837037037,40,63.57021505,13.5,2.141487225,13.38627753,,0
488,"Pistachio, for nuts (dry)",Pistacia vera,PIVE3,"N,P,K",Nut,Tree and fruit,lb of nut,1,3.87,3.42536149,0.523249766,1.137001977,1,63.57021505,96.13,2.141487225,13.38627753,,0
489,Pitanga,Eugenia uniflora,EUUN2,"N,P,K",Fruit,Tree and fruit,lb of fruit,1,90.81,1.392818281,0.119695321,1.12078346,1,63.57021505,9.19,2.141487225,13.38627753,,0
490,Plantain,Musa X paradisiaca,MUPA3,"N,P,K",Fruit,Tree and fruit,lb of fruit ,1,65.28,0.599078341,0.097926267,1.437211982,25,63.57021505,34.72,2.141487225,13.38627753,,0
491,Plum,Prunus sp.,PRUNU,"N,P,K",Fruit,Tree and fruit,lb of fruit ,1,85.2,0.854054054,0.067567568,1.162162162,30,63.57021505,14.8,2.141487225,13.38627753,,0
492,Pomegranate (without skin),Punica granatum,PUGR2,"N,P,K",Fruit,Tree and fruit,lb of fruit ,1,80.97,0.798738833,0.042038886,1.361008933,22,63.57021505,19.03,2.141487225,13.38627753,,0
493,Potato-Irish for tuber,Solanum tuberosum,SOTU,"N,P,K",Tuber,Vegetable,cwt,100,77.2,1.608220035,0.247037645,1.997419561,100,23.1,22.8,1.536,9.6,,0
494,"Potato-Irish, for vine",Solanum tuberosum,SOTU,"N,P,K",Aboveground biomass,Vegetable,ton,2000,48.9,2.24,0.2,3.95,"2,000",87.2,51.1,1.984,12.4,,0
495,"Prairie (Marsh), for hay",None,None,"N,P,K",Aboveground biomass,Forage,ton,2000,11.8,1.584,0.11,0.77,"2,000",88.2,88.2,1.584,9.9,,0
496,"Prairie (Meadow), for hay (intermountain area)",None,None,"N,P",Aboveground biomass,Forage,ton,2000,6.5,1.328,0.16,#DIV/0!,"2,000",93.5,93.5,1.328,8.3,,0
497,"Prairie, for hay (Colorado, Wyoming)",None,None,N,Aboveground biomass,Forage,ton,2000,5.5,1.185185185,#DIV/0!,#DIV/0!,"2,000",63.57021505,94.5,2.141487225,13.38627753,,0
498,"Prairie, for hay (Kansas, Oklahoma)",None,None,"N,P",Aboveground biomass,Forage,ton,2000,9.5,0.777900552,0.077348066,#DIV/0!,"2,000",63.57021505,90.5,2.141487225,13.38627753,,0
499,"Prairie, for hay (Midwest, Minnesota, South Dakota)",None,None,"N,P,K",Aboveground biomass,Forage,ton,2000,10.3,1.054986425,0.132217195,1.08,"2,000",91,89.7,1.024,6.4,,0
500,"Prairie, for hay (western, early cut)",None,None,"N,P,K",Aboveground biomass,Forage,ton,2000,9,1.296703297,0.208791209,1.076923077,"2,000",63.57021505,91,2.141487225,13.38627753,,0
501,"Prairie, for hay (western, mature and weathered)",None,None,"N,P",Aboveground biomass,Forage,ton,2000,9.05,0.594272035,0.05632209,#DIV/0!,"2,000",90,90.95,0.688,4.3,,0
502,"Prairie, for hay (western, mature)",None,None,"N,P,K",Aboveground biomass,Forage,ton,2000,8.1,0.761697497,0.087051143,0.794341676,"2,000",63.57021505,91.9,2.141487225,13.38627753,,0
503,"Prairie, for hay (western, mid-season cut)",None,None,"N,P",Aboveground biomass,Forage,ton,2000,8.7,1.051478642,0.13143483,#DIV/0!,"2,000",63.57021505,91.3,2.141487225,13.38627753,,0
504,Pricklypear (without skin),Opuntia sp.,OPUNT,"N,P,K",Fruit,Tree and fruit,lb of fruit,1,87.55,0.93815261,0.192771084,1.767068273,1,63.57021505,12.45,2.141487225,13.38627753,,0
505,Pummelo (without skin),Citrus grandis,CIMA5,"N,P,K",Fruit,Tree and fruit,lb of fruit,1,89.1,1.11559633,0.155963303,1.981651376,1,63.57021505,10.9,2.141487225,13.38627753,,0
506,Pumpkin,Cucurbita pepo,CUPE,"N,P,K",Fruit,Vegetable,lb of fruit ,1,90.67,2.585038462,0.393653846,2.779038462,1000,8.7,9.33,2.592,16.2,,0
507,Quince,Cydonia oblonga,CYOB2,"N,P,K",Fruit,Tree and fruit,lb of fruit ,1,83.8,0.395061728,0.104938272,1.216049383,22,63.57021505,16.2,2.141487225,13.38627753,,0
508,"Radish, for root, cultivar 'Icicle'",Raphanus sativus,RASA2,"N,P,K",Root,Vegetable,lb of root,1,94,2.933333333,0.466666667,4.666666667,35,63.57021505,6,2.141487225,13.38627753,,0
509,"Radish, for root, cultivar 'Scarlet Globe'",Raphanus sativus,RASA2,"N,P,K",Root,Vegetable,lb of root,1,94,1.866666667,0.45,3.166666667,35,63.57021505,6,2.141487225,13.38627753,,0
510,"Radish-Chinese Winter, for root",Raphanus sativus,RASA2,"N,P,K",Root,Vegetable,lb of root,1,94,1.6,0.4,3.166666667,35,63.57021505,6,2.141487225,13.38627753,,0
511,Raspberry,Rubus sp.,RUBUS,"N,P,K",Fruit,Tree and fruit,lb of fruit ,1,86.57,1.084139985,0.089352197,1.13179449,6,63.57021505,13.43,2.141487225,13.38627753,,0
512,"Redtop, for green chop",Agrostis alba,AGGI2,"N,P,K",Aboveground biomass,Forage,ton,2000,73.57,2.032,0.38,2.196666667,"2,000",26.7,26.43,2.4,15,,0
513,"Redtop, for hay",Agrostis alba,AGGI2,"N,P,K",Aboveground biomass,Forage,ton,2000,8.44,1.30737157,0.215376663,1.888991228,"2,000",92.3,91.56,1.296,8.1,,0
514,"Redtop, for hay (full bloom)",Agrostis alba,AGGI2,"N,P,K",Aboveground biomass,Forage,ton,2000,7,1.504,0.35,1.69,"2,000",90.7,93,1.504,9.4,,0
515,"Redtop, for hay (late vegetative)",Agrostis alba,AGGI2,"N,P,K",Aboveground biomass,Forage,ton,2000,8,2.208,0.15,2.39,"2,000",92,92,2.208,13.8,,0
516,"Redtop, for hay (mature)",Agrostis alba,AGGI2,N,Aboveground biomass,Forage,ton,2000,8.3,0.944,#DIV/0!,#DIV/0!,"2,000",91.7,91.7,0.944,5.9,,0
517,"Redtop, for hay (mid bloom)",Agrostis alba,AGGI2,N,Aboveground biomass,Forage,ton,2000,7.2,1.92,#DIV/0!,#DIV/0!,"2,000",92.8,92.8,1.92,12,,0
518,"Rhubarb, for fruit",Rheum rhabarbarum,RHRH2,"N,P,K",Fruit,Vegetable,lb of fruit,1,93.61,2.253521127,0.219092332,4.507042254,1,63.57021505,6.39,2.141487225,13.38627753,,0
519,"Rhubarb, for leaf petiole",Rheum rhabarbarum,RHRH2,"N,P,K",Petiole,Vegetable,lb of leaf,1,92,1.4,0.25,4.5,15,63.57021505,8,2.141487225,13.38627753,,0
520,"Rice-Rough, for grain",Oryza sativa,ORSA,"N,P,K",Floret,Cereal and oil,cwt,100,11.33,1.386730857,0.286220466,0.453220721,100,88.8,88.67,1.424,8.9,,0
521,"Rice, for straw",Oryza sativa,ORSA,"N,P,K",Straw,Cereal and oil,lb straw/cwt grain,100,9.18,0.709101759,0.084112084,1.47722973,100,90.5,90.82,0.72,4.5,,0
522,Rose-apple,Syzygium jambos,SYJA,"N,P,K",Fruit,Tree and fruit,lb of fruit,1,93,1.371428571,0.114285714,1.757142857,1,63.57021505,7,2.141487225,13.38627753,,0
523,Roselle,Hibiscus sabdariffa,HISA2,"N,P,K",Fruit,Tree and fruit,lb of fruit,1,86.58,1.144560358,0.275707899,1.549925484,1,63.57021505,13.42,2.141487225,13.38627753,,0
524,Rutabaga,Brassica napus,BRNA,"N,P,K",Root,Vegetable,lb of root,1,90,1.92,0.41,2.2,1,63.57021505,10,2.141487225,13.38627753,,0
525,"Rye, for grain",Secale cereale,SECE,"N,P,K",Caryopsis,Cereal and oil,bu,56,11.88,2.139235697,0.379510973,0.518784916,56,88.2,88.12,2.048,12.8,,0
526,"Rye, for green chop",Secale cereale,SECE,"N,P,K",Aboveground biomass,Forage,ton,2000,79.6,2.842666667,0.376666667,3.12,"2,000",20.6,20.4,3.312,20.7,,0
527,"Rye, for green chop (dough stage)",Secale cereale,SECE,"N,P",Aboveground biomass,Forage,ton,2000,66.6,2.144,0.3,#DIV/0!,"2,000",33.4,33.4,2.144,13.4,,0
528,"Rye, for green chop (mature)",Secale cereale,SECE,"N,P",Aboveground biomass,Forage,ton,2000,76.6,1.392888889,0.256410256,#DIV/0!,"2,000",63.57021505,23.4,1.008,6.3,,0
529,"Rye, for hay",Secale cereale,SECE,"N,P,K",Aboveground biomass,Forage,ton,2000,7.38,1.213701516,0.218438996,1.237513691,"2,000",91.8,92.62,1.168,7.3,,0
530,"Rye, for hay (dough stage)",Secale cereale,SECE,N,Aboveground biomass,Forage,ton,2000,6.9,1.68,#DIV/0!,#DIV/0!,"2,000",93.1,93.1,1.68,10.5,,0
531,"Rye, for hay (mature)",Secale cereale,SECE,N,Aboveground biomass,Forage,ton,2000,9.1,1.296,#DIV/0!,#DIV/0!,"2,000",90.9,90.9,1.296,8.1,,0
532,"Rye, for straw",Secale cereale,SECE,"N,P,K",Straw,Cereal and oil,lb straw/bu grain,87,9.07,0.504688814,0.09424569,0.969956897,90,89.4,90.93,0.496,3.1,,0
533,"Ryegrass-Perennial, for green chop",Lolium perenne ssp. perenne,LOPEP,"N,P,K",Aboveground biomass,Forage,ton,2000,76.88,1.86312782,0.281578947,2.548646617,"2,000",21.5,23.13,1.52,9.5,,0
534,"Ryegrass-Perennial, for green chop (early vegetative)",Lolium perenne ssp. perenne,LOPEP,"N,P,K",Aboveground biomass,Forage,ton,2000,79.13,3.966666667,0.4,3.08,"2,000",21.3,20.87,4.144,25.9,,0
535,"Ryegrass-Perennial, for green chop (late vegetative)",Lolium perenne ssp. perenne,LOPEP,N,Aboveground biomass,Forage,ton,2000,75,2,#DIV/0!,#DIV/0!,"2,000",63.57021505,25,2.141487225,13.38627753,,0
536,"Ryegrass-Perennial, for green chop (mid bloom)",Lolium perenne ssp. perenne,LOPEP,N,Aboveground biomass,Forage,ton,2000,69.85,1.548,#DIV/0!,#DIV/0!,"2,000",35.3,30.15,1.696,10.6,,0
537,"Ryegrass-Perennial, for hay",Lolium perenne ssp. perenne,LOPEP,"N,P,K",Aboveground biomass,Forage,ton,2000,12.74,1.485349706,0.196247216,1.420227273,"2,000",83.9,87.26,1.44,9,,0
538,"Ryegrass-Perennial, for hay (early vegetative)",Lolium perenne ssp. perenne,LOPEP,N,Aboveground biomass,Forage,ton,2000,8.6,2.24,#DIV/0!,#DIV/0!,"2,000",91.4,91.4,2.24,14,,0
539,"Ryegrass-Perennial, for hay (late vegetative)",Lolium perenne ssp. perenne,LOPEP,N,Aboveground biomass,Forage,ton,2000,15,1.85,#DIV/0!,#DIV/0!,"2,000",63.57021505,85,2.141487225,13.38627753,,0
540,"Ryegrass-Perennial, for hay (mature)",Lolium perenne ssp. perenne,LOPEP,"N,P",Aboveground biomass,Forage,ton,2000,14.3,0.888,0.065,#DIV/0!,"2,000",83.5,85.7,0.88,5.5,,0
541,"Ryegrass-Perennial, for hay (mid bloom)",Lolium perenne ssp. perenne,LOPEP,N,Aboveground biomass,Forage,ton,2000,15,1.3,#DIV/0!,#DIV/0!,"2,000",63.57021505,85,2.141487225,13.38627753,,0
542,"Safflower, for seed",Carthamus tinctorius,CATI,"N,P,K",Seed,Cereal and oil,cwt,100,7.6,2.672859291,0.6,0.75,100,93.1,92.4,2.8,17.5,,0
543,"Saltgrass, for hay",Distichlis sp.,DISTI,"N,P",Aboveground biomass,Forage,ton,2000,10.77,1.424,0.1,#DIV/0!,"2,000",89.2,89.23,1.424,8.9,,0
544,Sapodilla,Manilkara zapota,MAZA,"N,P,K",Fruit,Tree and fruit,lb of fruit,1,78,0.32,0.054545455,0.877272727,1,63.57021505,22,2.141487225,13.38627753,,0
545,Sapote,Pouteria sapota,POSA13,"N,P,K",Fruit,Tree and fruit,lb of fruit,1,62.43,0.902848017,0.074527549,0.915624168,1,63.57021505,37.57,2.141487225,13.38627753,,0
546,"Sesame, for seed",Sesamum orientale,SEOR4,"N,P,K",Seed,Fiber and miscellaneous,cwt,100,6.88,3.657367955,0.773623188,0.5,100,92,93.13,3.872,24.2,,0
547,"Smooth Brome + Alfalfa, for green chop","Medicago Sativa, Bromus inermis","MESA, BRIN2","N,P,K",Aboveground biomass,Forage,ton,2000,77.63,3.322074074,0.310555556,2.8,"2,000",21.6,22.37,3.136,19.6,,0
548,"Smooth Brome + Alfalfa, for hay","Medicago Sativa, Bromus inermis","MESA, BRIN2","N,P,K",Aboveground biomass,Forage,ton,2000,11.58,2.41770852,0.271053812,1.897746637,"2,000",82.5,88.42,2.592,16.2,,0
549,"Smooth Brome + Alfalfa, for hay (cut 1)","Medicago Sativa, Bromus inermis","MESA, BRIN2","N,P,K",Aboveground biomass,Forage,ton,2000,10.1,2.192,0.295,1.4,"2,000",89.9,89.9,2.192,13.7,,0
550,"Smooth Brome + Alfalfa, for hay (cut 2)","Medicago Sativa, Bromus inermis","MESA, BRIN2","N,P",Aboveground biomass,Forage,ton,2000,10.2,2.192,0.21,#DIV/0!,"2,000",89.8,89.8,2.192,13.7,,0
551,"Sorghum, for grain",Sorghum bicolor,SOBI2,"N,P,K",Caryopsis,Cereal and oil,bu,56,11.18,1.867377828,0.332736562,0.386734323,56,89,88.82,1.952,12.2,,0
552,"Sorghum, for green chop",Sorghum bicolor,SOBI2,"N,P,K",Aboveground biomass,Forage,ton,2000,76.85,1.368,0.24,2.51,"2,000",63.57021505,23.15,2.141487225,13.38627753,,0
553,"Sorghum, for green chop (dough stage)",Sorghum bicolor,SOBI2,"N,P",Aboveground biomass,Forage,ton,2000,72.17,1.162666667,0.21,#DIV/0!,"2,000",25.5,27.83,0.944,5.9,,0
554,"Sorghum, for green chop (mid bloom)",Sorghum bicolor,SOBI2,"N,P,K",Aboveground biomass,Forage,ton,2000,75.8,1.424,0.215,1.11,"2,000",21.5,24.2,1.552,9.7,,0
555,"Sorghum, for green chop (milk stage)",Sorghum bicolor,SOBI2,"N,P,K",Aboveground biomass,Forage,ton,2000,74.95,1.184963855,0.193493976,1.521927711,"2,000",22.5,25.05,1.28,8,,0
556,"Sorghum, for silage",Sorghum bicolor,SOBI2,"N,P,K",Aboveground biomass,Forage,ton,2000,71.6,1.012,0.21,1.11,"2,000",27.9,28.4,1.024,6.4,,0
557,"Sorghum, for silage (dough stage)",Sorghum bicolor,SOBI2,"N,P,K",Aboveground biomass,Forage,ton,2000,73.9,0.968,0.2,1.11,"2,000",26.1,26.1,0.968,6.05,,0
558,"Sorghum, for silage (early bloom)",Sorghum bicolor,SOBI2,"N,P,K",Aboveground biomass,Forage,ton,2000,71.9,0.992,0.2,1.11,"2,000",28.1,28.1,0.992,6.2,,0
559,"Sorghum, for silage (mature)",Sorghum bicolor,SOBI2,"N,P,K",Aboveground biomass,Forage,ton,2000,66.1,1.2,0.2,1.11,"2,000",33.9,33.9,1.2,7.5,,0
560,"Sorghum, for silage (milk state)",Sorghum bicolor,SOBI2,"N,P,K",Aboveground biomass,Forage,ton,2000,75.2,1.344,0.185,1.145,"2,000",23.2,24.8,1.344,8.4,,0
561,"Sorghum, for stover",Sorghum bicolor,SOBI2,"N,P,K",Stover,Cereal and oil,lb straw/bu grain,56,8.13,0.67210989,0.12896978,0.73,"2,000",92.5,91.88,0.576,3.6,,0
562,"Sorghum/Sudangrass, for grain",Sorghum bicolor ssp. drummondii,SOBID,N,Aboveground biomass,Cereal and oil,bu,40,8.3,2.330666667,#DIV/0!,#DIV/0!,40,92.4,91.7,2.464,15.4,,0
563,"Sorghum/Sudangrass, for green chop",Sorghum bicolor ssp. drummondii,SOBID,"N,P,K",Aboveground biomass,Forage,ton,2000,78.25,1.848,0.23,2.565,"2,000",63.57021505,21.75,2.141487225,13.38627753,,0
564,"Sorghum/Sudangrass, for green chop (early bloom)",Sorghum bicolor ssp. drummondii,SOBID,"N,P,K",Aboveground biomass,Forage,ton,2000,76.6,1.28,0.3,1.45,"2,000",23.4,23.4,1.296,8.1,,0
565,"Sorghum/Sudangrass, for green chop (full bloom)",Sorghum bicolor ssp. drummondii,SOBID,"N,P,K",Aboveground biomass,Forage,ton,2000,74.5,1.410666667,0.3,1.58,"2,000",23.6,25.5,1.296,8.1,,0
566,"Sorghum/Sudangrass, for green chop (mature)",Sorghum bicolor ssp. drummondii,SOBID,"N,P,K",Aboveground biomass,Forage,ton,2000,70,0.88,0.21,1.82,"2,000",30.3,30,0.88,5.5,,0
567,"Sorghum/Sudangrass, for green chop (vegetative)",Sorghum bicolor ssp. drummondii,SOBID,"N,P,K",Aboveground biomass,Forage,ton,2000,82.05,2.547333333,0.41,2.275,"2,000",17.6,17.95,2.688,16.8,,0
568,"Sorghum/Sudangrass, for hay",Sorghum bicolor ssp. drummondii,SOBID,"N,P,K",Aboveground biomass,Forage,ton,2000,7.83,1.779429778,0.291143963,2.15,"2,000",63.57021505,92.17,2.141487225,13.38627753,,0
569,"Sorghum/Sudangrass, for silage",Sorghum bicolor ssp. drummondii,SOBID,"N,P,K",Aboveground biomass,Forage,ton,2000,77,1.638,0.21,2.61,"2,000",63.57021505,23,2.141487225,13.38627753,,0
570,"Sorghum/Sudangrass, for straw",Sorghum bicolor ssp. drummondii,SOBID,N,Straw,Cereal and oil,ton,2000,9.6,1.312,#DIV/0!,#DIV/0!,"2,000",90.4,90.4,1.312,8.2,,0
571,Soursop,Annona muricata,ANMU2,"N,P,K",Fruit,Tree and fruit,lb of fruit,1,81.16,0.8492569,0.143312102,1.475583864,1,63.57021505,18.84,2.141487225,13.38627753,,0
572,"Soybean, for grain",Glycine max,GLMA4,"N,P,K",Seed,Cereal and oil,bu,60,10.12,6.567758454,0.672763285,1.541666667,60,90.9,89.88,6.672,41.7,,0
573,"Soybean, for green chop",Glycine max,GLMA4,"N,P,K",Aboveground biomass,Forage,ton,2000,76.85,2.9395,0.282916667,0.919166667,"2,000",22.7,23.15,2.864,17.9,,0
574,"Soybean, for green chop (early bloom)",Glycine max,GLMA4,N,Aboveground biomass,Forage,ton,2000,80,2.55,#DIV/0!,#DIV/0!,"2,000",63.57021505,20,2.141487225,13.38627753,,0
575,"Soybean, for green chop (full bloom)",Glycine max,GLMA4,"N,P,K",Aboveground biomass,Forage,ton,2000,82.27,2.934923077,0.288461538,1.057692308,"2,000",16.2,17.73,2.912,18.2,,0
576,"Soybean, for green chop (mature)",Glycine max,GLMA4,"N,P,K",Aboveground biomass,Forage,ton,2000,75.8,2.644628099,0.289256198,0.867768595,"2,000",63.57021505,24.2,2.141487225,13.38627753,,0
577,"Soybean, for green chop (mid bloom)",Glycine max,GLMA4,"N,P,K",Aboveground biomass,Forage,ton,2000,78.93,2.774923077,0.289487179,1.059230769,"2,000",21.3,21.07,2.672,16.7,,0
578,"Soybean, for hay",Glycine max,GLMA4,"N,P,K",Aboveground biomass,Forage,ton,2000,10.66,2.571179594,0.244972726,1.105743473,"2,000",88.9,89.34,2.352,14.7,,0
579,"Soybean, for hay (early bloom)",Glycine max,GLMA4,"N,P",Aboveground biomass,Forage,ton,2000,11.23,3.01669697,0.388787879,#DIV/0!,"2,000",89.4,88.77,3.008,18.8,,0
580,"Soybean, for hay (full bloom)",Glycine max,GLMA4,N,Aboveground biomass,Forage,ton,2000,11.7,2.24,#DIV/0!,#DIV/0!,"2,000",88.3,88.3,2.24,14,,0
581,"Soybean, for hay (mature)",Glycine max,GLMA4,"N,P,K",Aboveground biomass,Forage,ton,2000,10.27,2.454363636,0.28469697,0.880909091,"2,000",91.1,89.73,2.304,14.4,,0
582,"Soybean, for hay (mid-bloom)",Glycine max,GLMA4,"N,P,K",Aboveground biomass,Forage,ton,2000,7.1,2.44,0.27,0.97,"2,000",93.6,92.9,2.848,17.8,,0
583,"Soybean, for immature seed",Glycine max,GLMA4,"N,P,K",Seed,Vegetable,lb of seed,1,73,5.333333333,0.218518519,0.777777778,1,63.57021505,27,2.141487225,13.38627753,,0
584,"Soybean, for straw",Glycine max,GLMA4,"N,P,K",Straw,Cereal and oil,lb straw/bu grain,96.75,11.07,0.832386256,0.058747657,0.572058493,60,87.5,88.93,0.832,5.2,,0
585,Spinach,Spinacia oleracea,SPOL,"N,P,K",Leaf,Vegetable,lb of leaf,1,90.64,5.2056,0.556,5.6625,32,9.4,9.36,5.232,32.7,,0
586,Spinach-New Zealand,Tetragonia tetragonioides,TETE3,"N,P,K",Leaf,Vegetable,lb of leaf,1,94,4,0.466666667,2.166666667,32,63.57021505,6,2.141487225,13.38627753,,0
587,"Squash Straight neck, for immature fruit (summer)",Cucurbita pepo var. melopepo,CUPEM,"N,P,K",Fruit,Vegetable,lb of fruit ,1,94,2.666666667,0.466666667,3,42,63.57021505,6,2.141487225,13.38627753,,0
588,"Squash-Acorn, for mature fruit (winter)",Cucurbita pepo,CUPE,"N,P,K",Fruit,Vegetable,lb of fruit ,1,86,0.914285714,0.257142857,3.714285714,50,63.57021505,14,2.141487225,13.38627753,,0
589,"Squash-Balsampear, for immature fruit (summer)",Momordica charantia,MOCH2,"N,P",Fruit,Vegetable,lb of fruit ,1,94,2.933333333,0.466666667,#DIV/0!,42,63.57021505,6,2.141487225,13.38627753,,0
590,"Squash-Butternut, for mature fruit (winter)",Cucurbita moschata,CUMO,"N,P,K",Fruit,Vegetable,lb of fruit ,1,85,1.066666667,0.22,2.666666667,50,63.57021505,15,2.141487225,13.38627753,,0
591,"Squash-Chinese wintermelon, for mature fruit (winter)",Benincasa hispida,BEHI3,"N,P,K",Fruit,Vegetable,lb of fruit ,1,96,0.8,0.175,5,50,63.57021505,4,2.141487225,13.38627753,,0
592,"Squash-Chinese, for immature fruit (summer)",Benincasa hispida,BEHI3,"N,P",Fruit,Vegetable,lb of fruit ,1,94,2.666666667,0.383333333,#DIV/0!,42,63.57021505,6,2.141487225,13.38627753,,0
593,"Squash-Crockneck, for immature fruit (summer)",Cucurbita pepo var. melopepo,CUPEM,"N,P,K",Fruit,Vegetable,lb of fruit ,1,92,2.8,0.475,2.375,42,63.57021505,8,2.141487225,13.38627753,,0
594,"Squash-Hubbard, for mature fruit (winter)",Cucurbita maxima,CUMA3,"N,P,K",Fruit,Vegetable,lb of fruit ,1,88,2.666666667,0.175,2.666666667,50,63.57021505,12,2.141487225,13.38627753,,0
595,"Squash-Pink Banana, for mature fruit (winter)",Cucurbita maxima,CUMA3,"N,P,K",Fruit,Vegetable,lb of fruit ,1,91,3.555555556,0.422222222,3.666666667,50,63.57021505,9,2.141487225,13.38627753,,0
596,"Squash-Scallop, for immature fruit (summer)",Cucurbita pepo var. melopepo,CUPEM,"N,P,K",Fruit,Vegetable,lb of fruit ,1,93,2.742857143,0.514285714,2.142857143,42,63.57021505,7,2.141487225,13.38627753,,0
597,"Squash-Zucchini, for immature fruit (summer)",Cucurbita pepo var. melopepo,CUPEM,"N,P,K",Fruit,Vegetable,lb of fruit ,1,95,3.84,0.64,4.4,42,63.57021505,5,2.141487225,13.38627753,,0
598,Strawberry,Fragaria X ananassa var. ananassa,FRANA2,"N,P,K",Fruit,Tree and fruit,lb of fruit ,1,91.28,1.253884935,0.213523132,1.96915777,32,63.57021505,8.72,2.141487225,13.38627753,,0
599,Sugar apple,Annona squamosa,ANSQ,"N,P,K",Fruit,Tree and fruit,lb of fruit,1,73.23,1.231228988,0.119536795,0.922674636,1,63.57021505,26.77,2.141487225,13.38627753,,0
600,"Sugarbeet, root with crown",Beta vulgaris,BEVU2,"N,P,K",Crown and root,Fiber and miscellaneous,ton,2000,80.3,1.342682927,0.243902439,1.524390244,2000,63.57021505,19.7,2.141487225,13.38627753,,0
601,"Sugarbeet, root without crown",Beta vulgaris,BEVU2,"N,P,K",Root,Fiber and miscellaneous,ton,2000,79.28,1.052,0.2175,1.543333333,2000,20.1,20.73,1.088,6.8,,0
602,"Sugarbeet, top with crown",Beta vulgaris,BEVU2,"N,P,K",Crown and aboveground biomass,Fiber and miscellaneous,ton,2000,83.03,2.433333333,0.225,5.79,2000,15.9,16.97,2.8,17.5,,0
603,"Sugarbeet, top without crown",Beta vulgaris,BEVU2,"N,P,K",Aboveground biomass,Fiber and miscellaneous,ton,2000,82.1,2.457865169,0.224719101,5.786516854,2000,63.57021505,17.9,2.141487225,13.38627753,,0
604,"Sugarcane, cane top + trash",Saccharum sp.,SACCH,"N,P,K",Leaf,Fiber and miscellaneous,ton,2000,73.83,0.866,0.235,2.96,2000,63.57021505,26.17,2.141487225,13.38627753,,0
605,"Sugarcane, millable cane (less than 12 month crop)",Saccharum sp.,SACCH,"N,P,K",Stem,Fiber and miscellaneous,ton,2000,35,0.088466667,0.020826667,0.229666667,2000,63.57021505,65,2.141487225,13.38627753,,0
606,"Sugarcane, millable cane and trash (less than 12 month crop)",Saccharum sp.,SACCH,"N,P,K",Stem and leaf,Fiber and miscellaneous,ton,2000,35,0.111,0.016,0.167,2000,63.57021505,65,2.141487225,13.38627753,,0
607,"Sunflower, for seed (with hull, confection type)",Helianthus annuus,HEAN3,"N,P,K",Fruit,Cereal and oil,cwt,100,7.36,3.130988604,0.619111111,0.733025641,100,93.6,92.64,2.864,17.9,,0
608,"Sunflower, for seed (with hull, oil type)",Helianthus annuus,HEAN3,"N,P,K",Fruit,Cereal and oil,cwt,100,7.36,2.993186325,0.626388889,0.718782051,100,93.6,92.64,2.864,17.9,,0
609,"Sunflower, for stover (yield less than 500 lb/acre)",Helianthus annuus,HEAN3,"N,P,K",Stover,Cereal and oil,lb stover/cwt fruit,100,13.3,0.86,0.11,1.94,100,63.57021505,86.7,2.141487225,13.38627753,,0
610,"Sunflower, for stover (yield more than 500 lb/acre)",Helianthus annuus,HEAN3,"N,P,K",Stover,Cereal and oil,lb stover/cwt fruit,150,13.3,0.86,0.11,1.94,100,63.57021505,86.7,2.141487225,13.38627753,,0
611,"Sweet Potato, for root",Ipomoea batatas,IPBA2,"N,P,K",Root,Vegetable,lb of root,1,68.85,0.909181818,0.150984848,1.036767677,40,30.6,31.15,0.864,5.4,,0
612,"Sweet Potato, for vine",Ipomoea batatas,IPBA2,N,Aboveground biomass,Vegetable,ton,2000,78.1,2.048,#DIV/0!,#DIV/0!,"2,000",21.9,21.9,2.048,12.8,,0
613,"Sweetclover, for green chop",Melilotus sp.,MELIL,"N,P,K",Aboveground biomass,Forage,ton,2000,75,2.874,0.27,1.65,"2,000",25,25,2.848,17.8,,0
614,"Sweetclover, for green chop (full bloom)",Melilotus sp.,MELIL,"N,P,K",Aboveground biomass,Forage,ton,2000,67.3,2.688,0.22,1.44,"2,000",32.7,32.7,2.688,16.8,,0
615,"Sweetclover, for green chop (mid bloom)",Melilotus sp.,MELIL,"N,P,K",Aboveground biomass,Forage,ton,2000,70.8,2.688,0.24,1.44,"2,000",29.2,29.2,2.688,16.8,,0
616,"Sweetclover, for green chop (pre bloom)",Melilotus sp.,MELIL,"N,P",Aboveground biomass,Forage,ton,2000,79.2,3.152,0.48,#DIV/0!,"2,000",20.8,20.8,3.152,19.7,,0
617,"Sweetclover, for green chop (vegetative)",Melilotus sp.,MELIL,"N,P,K",Aboveground biomass,Forage,ton,2000,80.3,3.472,0.44,2.95,"2,000",19.7,19.7,3.472,21.7,,0
618,"Sweetclover, for hay",Melilotus sp.,MELIL,"N,P,K",Aboveground biomass,Forage,ton,2000,10.42,2.649712335,0.236055109,1.652559913,"2,000",91.3,89.58,2.624,16.4,,0
619,"Sweetclover, for hay (early bloom)",Melilotus sp.,MELIL,N,Aboveground biomass,Forage,ton,2000,17.4,2.768,#DIV/0!,#DIV/0!,"2,000",82.6,82.6,2.848,17.8,,0
620,"Sweetclover, for hay (full bloom)",Melilotus sp.,MELIL,N,Aboveground biomass,Forage,ton,2000,11.1,2.064,#DIV/0!,#DIV/0!,"2,000",88.9,88.9,2.064,12.9,,0
621,"Sweetclover, for hay (mature)",Melilotus sp.,MELIL,"N,P,K",Aboveground biomass,Forage,ton,2000,8.95,1.824,0.185,0.8,"2,000",90.6,91.05,1.712,10.7,,0
622,"Sweetclover, for hay (vegetative)",Melilotus sp.,MELIL,"N,P,K",Aboveground biomass,Forage,ton,2000,9.8,2.576,0.295,1.78,"2,000",90.2,90.2,2.576,16.1,,0
623,"Sweetclover, for seed",Melilotus sp.,MELIL,N,Seed,Forage,cwt,100,7.8,6.490950109,#DIV/0!,#DIV/0!,100,92.2,92.2,6.496,40.6,,0
624,"Sweetclover, for silage",Melilotus sp.,MELIL,"N,P,K",Aboveground biomass,Forage,ton,2000,70.7,2.857055928,0.21,1.955,"2,000",30.1,29.3,3.008,18.8,,0
625,"Sweetclover, for silage (early bloom)",Melilotus sp.,MELIL,"N,P,K",Aboveground biomass,Forage,ton,2000,72.8,3.424,0.25,1.95,"2,000",27.2,27.2,3.424,21.4,,0
626,"Sweetclover, for silage (full bloom)",Melilotus sp.,MELIL,"N,P,K",Aboveground biomass,Forage,ton,2000,68.6,2.992,0.235,1.695,"2,000",30.1,31.4,2.992,18.7,,0
627,"Sweetclover, for silage (pre bloom)",Melilotus sp.,MELIL,"N,P,K",Aboveground biomass,Forage,ton,2000,65.2,3.44,0.25,1.95,"2,000",34.8,34.8,3.44,21.5,,0
628,"Switchgrass, for green chop",Panicum virgatum,PAVI2,"N,P",Aboveground biomass,Forage,ton,2000,44.85,0.944,0.09,#DIV/0!,"2,000",55.3,55.15,0.864,5.4,,0
629,"Switchgrass, for green chop ( mature)",Panicum virgatum,PAVI2,"N,P,K",Aboveground biomass,Forage,ton,2000,58.07,0.81631746,0.15,1.97,"2,000",42,41.93,0.88,5.5,,0
630,"Switchgrass, for green chop (full bloom)",Panicum virgatum,PAVI2,"N,P",Aboveground biomass,Forage,ton,2000,60.4,1.008,0.12,#DIV/0!,"2,000",39.6,39.6,1.008,6.3,,0
631,"Switchgrass, for green chop (over ripe)",Panicum virgatum,PAVI2,"N,P",Aboveground biomass,Forage,ton,2000,23.3,0.304,0.05,#DIV/0!,"2,000",76.7,76.7,0.304,1.9,,0
632,"Switchgrass, for green chop (vegetative)",Panicum virgatum,PAVI2,"N,P,K",Aboveground biomass,Forage,ton,2000,67.27,1.642805195,0.215,2.85,"2,000",33.2,32.73,1.728,10.8,,0
633,Tamarind,Tamarindus indica,TAIN2,"N,P,K",Fruit,Tree and fruit,lb of fruit,1,31.4,0.653061224,0.164723032,0.915451895,1,63.57021505,68.6,2.141487225,13.38627753,,0
634,Tangerine,Citrus reticulata,CIRE3,"N,P,K",Fruit,Tree and fruit,lb of fruit ,1,87.6,0.812903226,0.080645161,1.266129032,43,63.57021505,12.4,2.141487225,13.38627753,,0
635,"Taro, for corm",Colocasia esculenta,COES,"N,P",Corm,Vegetable,lb of corm,1,72,0.864,0.265,#DIV/0!,10,63.57021505,28,2.141487225,13.38627753,,0
636,"Taro-Pink, for corm",Colocasia esculenta,COES,"N,P,K",Corm,Vegetable,lb of corm,1,80,0.8,0.535,2.5,10,63.57021505,20,2.141487225,13.38627753,,0
637,"Taro-White, for corm",Colocasia esculenta,COES,"N,P,K",Corm,Vegetable,lb of corm,1,82,1.777777778,0.333333333,3.944444444,10,63.57021505,18,2.141487225,13.38627753,,0
638,"Timothy + Alfalfa, for green chop (50% alfalfa)","Medicago Sativa, Phleum pratense","MESA, PHPR3","N,P,K",Aboveground biomass,Forage,ton,2000,78.08,3.364748858,0.368824201,2.239360731,"2,000",21.9,21.93,3.36,21,,0
639,"Timothy + Alfalfa, for hay","Medicago Sativa, Phleum pratense","MESA, PHPR3","N,P,K",Aboveground biomass,Forage,ton,2000,10.37,2.172886905,0.211071429,2.16,"2,000",89,89.63,2.192,13.7,,0
640,"Timothy + Alfalfa, for hay (cut 1)","Medicago Sativa, Phleum pratense","MESA, PHPR3","N,P",Aboveground biomass,Forage,ton,2000,9.8,1.792,0.14,#DIV/0!,"2,000",90.2,90.2,1.792,11.2,,0
641,"Timothy + Alfalfa, for hay (cut 2)","Medicago Sativa, Phleum pratense","MESA, PHPR3","N,P",Aboveground biomass,Forage,ton,2000,9,2.8,0.21,#DIV/0!,"2,000",91,91,2.8,17.5,,0
642,"Timothy + Clover, for hay","Phleum pratense, Trifolium sp.","PHPR3, TRIFO","N,P,K",Aboveground biomass,Forage,ton,2000,11.1,1.488,0.17,1.81,"2,000",88.9,88.9,1.488,9.3,,0
643,"Timothy + Clover-Red, for hay","Phleum pratense, Trifolium partense","PHPR3, TRPR2","P,K",Aboveground biomass,Forage,ton,2000,9.6,#DIV/0!,0.17,1.52,"2,000",90.4,90.4,2.141487225,13.38627753,,0
644,"Timothy + Clover-White-Ladino type, for silage","Phleum pratense, Trifolium repens","PHPR3, TRRE3","N,P,K",Aboveground biomass,Forage,ton,2000,70.6,3.168,0.2,2.22,"2,000",29.4,29.4,3.168,19.8,,0
645,"Timothy, for green chop",Phleum pratense,PHPR3,"N,P,K",Aboveground biomass,Forage,ton,2000,72.4,2.048,0.38,2.09,"2,000",27.6,27.6,2.048,12.8,,0
646,"Timothy, for green chop (early to mid bloom)",Phleum pratense,PHPR3,"N,P,K",Aboveground biomass,Forage,ton,2000,73.05,1.578,0.3,2.06,"2,000",28.9,26.95,1.456,9.1,,0
647,"Timothy, for green chop (late bloom)",Phleum pratense,PHPR3,"N,P,K",Aboveground biomass,Forage,ton,2000,73.65,1.065,0.21,1.68,"2,000",27.7,26.35,0.88,5.5,,0
648,"Timothy, for green chop (mature)",Phleum pratense,PHPR3,"N,P,K",Aboveground biomass,Forage,ton,2000,69.6,0.963,0.18,1.57,"2,000",35.8,30.4,0.976,6.1,,0
649,"Timothy, for green chop (vegetative)",Phleum pratense,PHPR3,"N,P,K",Aboveground biomass,Forage,ton,2000,74.45,2.406,0.43,2.54,"2,000",26.1,25.55,2.512,15.7,,0
650,"Timothy, for hay",Phleum pratense,PHPR3,"N,P,K",Aboveground biomass,Forage,ton,2000,9.48,1.200544551,0.167447757,1.629129214,"2,000",88.6,90.52,1.136,7.1,,0
651,"Timothy, for hay (full bloom)",Phleum pratense,PHPR3,"N,P,K",Aboveground biomass,Forage,ton,2000,12.2,1.205213483,0.233679775,1.826348315,"2,000",86.6,87.8,1.216,7.6,,0
652,"Timothy, for hay (mature)",Phleum pratense,PHPR3,"N,P,K",Aboveground biomass,Forage,ton,2000,13.08,0.952264045,0.169513109,1.588089888,"2,000",83.8,86.92,0.88,5.5,,0
653,"Timothy, for hay (mid bloom)",Phleum pratense,PHPR3,"N,P,K",Aboveground biomass,Forage,ton,2000,11.96,1.540957303,0.221488764,1.82,"2,000",88.1,88.04,1.68,10.5,,0
654,"Timothy, for hay (pre bloom)",Phleum pratense,PHPR3,"N,P,K",Aboveground biomass,Forage,ton,2000,12.28,2.052714607,0.4,3.05,"2,000",86.3,87.72,1.824,11.4,,0
655,"Timothy, for hay (vegetative)",Phleum pratense,PHPR3,"N,P,K",Aboveground biomass,Forage,ton,2000,13.65,2.25,0.34,1.9,"2,000",87.7,86.35,2.141487225,13.38627753,,0
656,"Timothy, for silage",Phleum pratense,PHPR3,"N,P,K",Aboveground biomass,Forage,ton,2000,66.7,1.697070119,0.290315534,1.685711974,"2,000",34,33.3,1.696,10.6,,0
657,"Timothy, for silage (boot)",Phleum pratense,PHPR3,"N,P,K",Aboveground biomass,Forage,ton,2000,66.3,1.5,0.24,1.59,"2,000",33.7,33.7,2.141487225,13.38627753,,0
658,"Timothy, for silage (early bloom)",Phleum pratense,PHPR3,"N,P,K",Aboveground biomass,Forage,ton,2000,63.7,1.632,0.29,1.69,"2,000",36.3,36.3,1.632,10.2,,0
659,"Timothy, for silage (full bloom)",Phleum pratense,PHPR3,"N,P,K",Aboveground biomass,Forage,ton,2000,64.3,1.552,0.29,1.69,"2,000",35.7,35.7,1.552,9.7,,0
660,"Timothy, for silage (milk stage)",Phleum pratense,PHPR3,"N,P,K",Aboveground biomass,Forage,ton,2000,58.5,1.344,0.29,1.69,"2,000",41.5,41.5,1.344,8.4,,0
661,"Timothy, for silage (pre bloom)",Phleum pratense,PHPR3,"N,P,K",Aboveground biomass,Forage,ton,2000,73.1,1.92,0.29,1.69,"2,000",26.9,26.9,1.92,12,,0
662,"Timothy, for silage (vegetative)",Phleum pratense,PHPR3,"N,P,K",Aboveground biomass,Forage,ton,2000,70.3,1.872,0.32,1.69,"2,000",29.7,29.7,1.872,11.7,,0
663,"Tobacco-Air cured, Burley type",Nicotiana tabacum,NITA,"N,P,K",Stalk and leaf,Fiber and miscellaneous,cwt,100,25,4,0.312,3.86,100,63.57021505,75,2.141487225,13.38627753,,0
664,"Tobacco-Air cured, Havana Seed type",Nicotiana tabacum,NITA,"N,P,K",Leaf,Fiber and miscellaneous,cwt,100,78.5,3.85,0.173,2.9,100,63.57021505,21.5,2.141487225,13.38627753,,0
665,"Tobacco-Air cured, Maryland Broadleaf  type",Nicotiana tabacum,NITA,N,Stalk and leaf,Fiber and miscellaneous,cwt,100,18,3.1,#DIV/0!,#DIV/0!,100,63.57021505,82,2.141487225,13.38627753,,0
666,Tobacco-Flue-cured,Nicotiana tabacum,NITA,"N,P,K",Leaf,Fiber and miscellaneous,cwt,100,20,2.133,0.2725,1.989,100,63.57021505,80,2.141487225,13.38627753,,0
667,Tomato,Solanum lycopersicum var. lycopersicum,SOLYL,"N,P,K",Fruit,Vegetable,lb of fruit ,1,94,2.558023392,0.471052632,4.278701754,10,6.1,6,2.624,16.4,,0
668,"Trefoil-Birdsfoot, for green chop",Lotus corniculatus,LOCO6,"N,P,K",Aboveground biomass,Forage,ton,2000,80.13,3.162666667,0.24,2.786666667,"2,000",22.5,19.87,3.424,21.4,,0
669,"Trefoil-Birdsfoot, for green chop (early bloom)",Lotus corniculatus,LOCO6,N,Aboveground biomass,Forage,ton,2000,75,3.2,#DIV/0!,#DIV/0!,"2,000",63.57021505,25,2.141487225,13.38627753,,0
670,"Trefoil-Birdsfoot, for green chop (mid bloom to full bloom)",Lotus corniculatus,LOCO6,"N,P,K",Aboveground biomass,Forage,ton,2000,78,2.63,0.27,2.98,"2,000",63.57021505,22,2.141487225,13.38627753,,0
671,"Trefoil-Birdsfoot, for hay",Lotus corniculatus,LOCO6,"N,P,K",Aboveground biomass,Forage,ton,2000,9.97,2.517333333,0.226666667,1.886666667,"2,000",89,90.03,2.56,16,,0
672,"Trefoil-Birdsfoot, for hay (early bloom)",Lotus corniculatus,LOCO6,N,Aboveground biomass,Forage,ton,2000,12.8,3.11,#DIV/0!,#DIV/0!,"2,000",63.57021505,87.2,2.141487225,13.38627753,,0
673,"Trefoil-Birdsfoot, for hay (mid bloom to full bloom)",Lotus corniculatus,LOCO6,N,Aboveground biomass,Forage,ton,2000,10.7,2.252,#DIV/0!,#DIV/0!,"2,000",63.57021505,89.3,2.141487225,13.38627753,,0
674,"Triticale, for grain",X Triticosecale rimpaui,TRRI8,"N,P,K",Caryopsis,Cereal and oil,bu,48,10.95,2.453661029,0.34,0.57,48,63.57021505,89.05,2.141487225,13.38627753,,0
675,"Turnip, for green chop",Brassica rapa var. rapa,BRRAR,"N,P,K",Aboveground biomass,Forage,ton,2000,86.53,3.298,0.4225,3.015,"2,000",12.7,13.48,3.488,21.8,,0
676,"Turnip, for green chop",Brassica rapa var. rapa,BRRAR,"N,P,K",Leaf,Vegetable,lb of leaf,1,87.3,3.488,0.51,3,1,12.7,12.7,3.488,21.8,,0
677,"Turnip, for root",Brassica rapa var. rapa,BRRAR,"N,P,K",Root,Vegetable,lb of root,1,91.06,2.242012903,0.318758961,2.732139785,50,9.7,8.94,1.824,11.4,,0
678,"Vetch, for seed",Vicia sp.,VICIA,"N,P",Seed,Forage,lb of seed,1,9.55,4.608,0.59,#DIV/0!,1,63.57021505,90.45,2.141487225,13.38627753,,0
679,"Vetch-Common, for green chop",Vica sativa,VISA,"N,P,K",Aboveground biomass,Forage,ton,2000,79.7,2.983098039,0.331045752,2.5,"2,000",20.4,20.3,2.976,18.6,,0
680,"Vetch-Common, for green chop (early bloom)",Vica sativa,VISA,"N,P,K",Aboveground biomass,Forage,ton,2000,75,3.7,0.26,3.15,"2,000",63.57021505,25,2.141487225,13.38627753,,0
681,"Vetch-Common, for green chop (full bloom)",Vica sativa,VISA,"N,P,K",Aboveground biomass,Forage,ton,2000,75,3,0.35,2.51,"2,000",63.57021505,25,2.141487225,13.38627753,,0
682,"Vetch-Common, for hay",Vica sativa,VISA,"N,P,K",Aboveground biomass,Forage,ton,2000,12.2,2.596629214,0.359850187,2.238127341,"2,000",85.4,87.8,2.8,17.5,,0
683,"Vetch-Common, for hay (early bloom)",Vica sativa,VISA,N,Aboveground biomass,Forage,ton,2000,16,3.552,#DIV/0!,#DIV/0!,"2,000",83,84,3.504,21.9,,0
684,"Vetch-Common, for hay (full bloom)",Vica sativa,VISA,N,Aboveground biomass,Forage,ton,2000,14.7,2.938,#DIV/0!,#DIV/0!,"2,000",85.6,85.3,2.976,19.5,,0
685,"Vetch-Hairy, for green chop (mid bloom)",Vica villosa,VIVI,"N,P,K",Aboveground biomass,Forage,ton,2000,78.25,3.754,0.33,2.25,"2,000",18.5,21.75,3.808,23.8,,0
686,"Vetch-Hairy, for hay",Vica villosa,VIVI,"N,P,K",Aboveground biomass,Forage,ton,2000,12.1,3.679821555,0.35628692,2.228636364,"2,000",88.8,87.9,3.68,23,,0
687,"Vetch-Hairy, for hay (vegetative)",Vica villosa,VIVI,"N,P,K",Aboveground biomass,Forage,ton,2000,11.5,3.616,0.36,2.09,"2,000",88.5,88.5,3.616,22.6,,0
688,"Walnut-Black, for seed extracted from nut",Juglans nigra,JUNI,"N,P,K",Nut,Tree and fruit,lb of nut,1,4.36,4.073609369,0.485152656,0.547887913,1,63.57021505,95.64,2.141487225,13.38627753,,0
689,Walnut-English or Persian,Juglans regia,JURE80,"N,P,K",Nut,Tree and fruit,lb of nut,1,3.65,2.373015049,0.329008822,0.521017125,1,63.57021505,96.35,2.141487225,13.38627753,,0
690,"Wheat, for green chop",Triticum sp.,TRITI,"N,P",Aboveground biomass,Forage,ton,2000,73.55,2.336,0.31,#DIV/0!,"2,000",25.9,26.45,2.56,16,,0
691,"Wheat, for green chop (milk stage)",Triticum sp.,TRITI,N,Aboveground biomass,Forage,ton,2000,73.4,1.92,#DIV/0!,#DIV/0!,"2,000",26.6,26.6,1.92,12,,0
692,"Wheat, for hay",Triticum sp.,TRITI,"N,P,K",Aboveground biomass,Forage,ton,2000,11.3,1.251017699,0.197278761,1.204026549,"2,000",86.4,88.7,1.2,7.5,,0
693,"Wheat, for hay (dough stage)",Triticum sp.,TRITI,N,Aboveground biomass,Forage,ton,2000,17.45,1.28,#DIV/0!,#DIV/0!,"2,000",82.6,82.55,1.28,8,,0
694,"Wheat, for hay (mature)",Triticum sp.,TRITI,"N,P",Aboveground biomass,Forage,ton,2000,12.75,1.232,0.2,#DIV/0!,"2,000",85.2,87.25,1.2,7.5,,0
695,"Wheat, for hay (milk stage)",Triticum sp.,TRITI,N,Aboveground biomass,Forage,ton,2000,15.7,1.456,#DIV/0!,#DIV/0!,"2,000",84.3,84.3,1.456,9.1,,0
696,"Wheat-Bread-Hard Red Spring, for grain",Triticum aestivum,TRAE,"N,P,K",Caryopsis,Cereal and oil,bu,60,11.45,2.703995561,0.434650388,0.41,60,90.1,88.55,2.141487225,13.38627753,,0
697,"Wheat-Bread-Hard Red Winter, for grain",Triticum aestivum,TRAE,"N,P,K",Caryopsis,Cereal and oil,bu,60,11.68,2.303221477,0.434949664,0.486666667,60,88.8,88.32,2.192,13.7,,0
698,"Wheat-Bread-Soft Red Winter, for grain",Triticum aestivum,TRAE,"N,P,K",Caryopsis,Cereal and oil,bu,60,11.44,1.943870852,0.373778027,0.453333333,60,89.2,88.56,1.872,11.7,,0
699,"Wheat-Bread-Soft White Winter, for grain",Triticum aestivum,TRAE,"N,P,K",Caryopsis,Cereal and oil,bu,60,11.41,1.800168256,0.368823612,0.486666667,60,88,88.59,2.141487225,13.38627753,,0
700,"Wheat-Durum, for grain",Triticum durum,TRDU3,"N,P,K",Caryopsis,Cereal and oil,bu,60,11.83,2.432,0.423333333,0.503333333,60,88.8,88.17,2.288,14.3,,0
701,"Wheatgrass, for green chop",Poaceae,None,N,Aboveground biomass,Forage,ton,2000,55.4,1.392,#DIV/0!,#DIV/0!,"2,000",44.6,44.6,1.392,8.7,,0
702,"Wheatgrass, for green chop (mature)",Poaceae,None,N,Aboveground biomass,Forage,ton,2000,39.5,1.44,#DIV/0!,#DIV/0!,"2,000",60.5,60.5,1.44,9,,0
703,"Wheatgrass, for green chop part (early bloom)",Poaceae,None,N,Aboveground biomass,Forage,ton,2000,63.4,1.456,#DIV/0!,#DIV/0!,"2,000",36.6,36.6,1.456,9.1,,0
704,"Wheatgrass, for hay",Poaceae,None,"N,P",Aboveground biomass,Forage,ton,2000,8.37,1.343486506,0.07,#DIV/0!,"2,000",90.8,91.63,1.296,8.1,,0
705,"Wheatgrass, for hay (early bloom)",Poaceae,None,"N,P,K",Aboveground biomass,Forage,ton,2000,8,1.376,0.27,2.67,"2,000",92,92,1.376,8.6,,0
706,"Wheatgrass, for hay (late bloom)",Poaceae,None,N,Aboveground biomass,Forage,ton,2000,10.2,0.848,#DIV/0!,#DIV/0!,"2,000",89.8,89.8,0.848,5.3,,0
707,"Wheatgrass, for hay (mature)",Poaceae,None,"N,P",Aboveground biomass,Forage,ton,2000,9.6,0.848,0.1,#DIV/0!,"2,000",90.4,90.4,0.848,5.3,,0
708,"Wheatgrass-Bluebunch, for hay (over ripe)",Pseudoroegneria spicata,PSSP6,N,Aboveground biomass,Forage,ton,2000,11.1,0.544,#DIV/0!,#DIV/0!,"2,000",88.9,88.9,0.544,3.4,,0
709,"Wheatgrass-Crested, for green chop",Agropyron sp.,AGROP2,"N,P,K",Aboveground biomass,Forage,ton,2000,54.25,1.872,0.14,1.72,"2,000",46.5,45.75,2.141487225,13.38627753,,0
710,"Wheatgrass-Crested, for green chop (early bloom)",Agropyron sp.,AGROP2,"N,P",Aboveground biomass,Forage,ton,2000,62.4,1.541333333,0.18,#DIV/0!,"2,000",36.9,37.6,1.168,7.3,,0
711,"Wheatgrass-Crested, for green chop (full bloom)",Agropyron sp.,AGROP2,"N,P,K",Aboveground biomass,Forage,ton,2000,61.27,1.188437218,0.15,1.04,"2,000",63.57021505,38.73,2.141487225,13.38627753,,0
712,"Wheatgrass-Crested, for green chop (mature)",Agropyron sp.,AGROP2,"N,P,K",Aboveground biomass,Forage,ton,2000,44.7,1.000833333,0.145833333,1.04,"2,000",60,55.3,0.88,5.5,,0
713,"Wheatgrass-Crested, for hay",Agropyron sp.,AGROP2,"N,P",Aboveground biomass,Forage,ton,2000,7.85,1.528,0.15,#DIV/0!,"2,000",92.3,92.15,1.264,7.9,,0
714,"Wheatgrass-Crested, for hay (early bloom)",Agropyron sp.,AGROP2,"N,P",Aboveground biomass,Forage,ton,2000,13.03,1.904444444,0.27,#DIV/0!,"2,000",90.9,86.97,2.48,15.5,,0
715,"Wheatgrass-Crested, for hay (full bloom)",Agropyron sp.,AGROP2,"N,P",Aboveground biomass,Forage,ton,2000,12.55,1.396,0.16,#DIV/0!,"2,000",94.9,87.45,1.392,8.7,,0
716,"Wheatgrass-Crested, for hay (mature)",Agropyron sp.,AGROP2,"N,P",Aboveground biomass,Forage,ton,2000,10.6,0.776,0.09,#DIV/0!,"2,000",94.4,89.4,0.624,3.9,,0
717,"Wheatgrass-Crested, for hay (mid bloom)",Agropyron sp.,AGROP2,N,Aboveground biomass,Forage,ton,2000,3.6,1.832,#DIV/0!,#DIV/0!,"2,000",96.4,96.4,1.552,9.7,,0
718,"Wheatgrass-Intermediate, for hay",Thinopyrum intermedium,THIN6,"N,P,K",Aboveground biomass,Forage,ton,2000,9.95,1.303407407,0.19,1.65,"2,000",90.1,90.05,1.312,8.2,,0
719,"Wheatgrass-Slender, for hay",Elymus trachycaulus,ELTR7,"N,P,K",Aboveground biomass,Forage,ton,2000,8.93,1.396740741,0.254166667,2.679444444,"2,000",92,91.08,1.344,8.4,,0
720,"Wheatgrass-Slender, for hay (early bloom)",Elymus trachycaulus,ELTR7,N,Aboveground biomass,Forage,ton,2000,5.4,1.936,#DIV/0!,#DIV/0!,"2,000",94.6,94.6,1.936,12.1,,0
721,"Wheatgrass-Slender, for hay (full bloom)",Elymus trachycaulus,ELTR7,N,Aboveground biomass,Forage,ton,2000,6.8,1.472,#DIV/0!,#DIV/0!,"2,000",93.2,93.2,1.472,9.2,,0
722,"Wheatgrass-Slender, for hay (vegetative)",Elymus trachycaulus,ELTR7,N,Aboveground biomass,Forage,ton,2000,7.1,2.88,#DIV/0!,#DIV/0!,"2,000",92.9,92.9,2.88,18,,0
723,"Wheatgrass-Tall, for hay",Thinopyrum ponticum,THPO7,N,Aboveground biomass,Forage,ton,2000,11,1.264,#DIV/0!,#DIV/0!,"2,000",63.57021505,89,1.376,8.6,,0
724,"Wheatgrass-Thickspike, for hay",Elymus lanceolatus,ELLA3,N,Aboveground biomass,Forage,ton,2000,8,1.2,#DIV/0!,#DIV/0!,"2,000",92,92,1.2,7.5,,0
725,"Wheatgrass-Western, for hay",Pascopyrum smithii,PASM,"N,P",Aboveground biomass,Forage,ton,2000,10.85,1.376,0.25,#DIV/0!,"2,000",89.4,89.15,1.376,8.6,,0
726,"Wheatgrass-Western, for hay (full bloom)",Pascopyrum smithii,PASM,N,Aboveground biomass,Forage,ton,2000,6.6,1.376,#DIV/0!,#DIV/0!,"2,000",93.4,93.4,1.376,8.6,,0
727,"Wheatgrass-Western, for hay (mature)",Pascopyrum smithii,PASM,"N,P",Aboveground biomass,Forage,ton,2000,10.1,0.736,0.08,#DIV/0!,"2,000",90.2,89.9,0.736,4.6,,0
728,"Wheatgrass-Western, for hay (vegetative)",Pascopyrum smithii,PASM,"N,P",Aboveground biomass,Forage,ton,2000,11.8,1.92,0.21,#DIV/0!,"2,000",88.2,88.2,1.92,12,,0
729,"Wheat-Spelt, for grain",Triticum spelta,TRSP3,"N,P",Caryopsis,Cereal and oil,bu,40,10.17,2.128,0.42,#DIV/0!,40,89.6,89.83,2.128,13.3,,0
730,"Wheat-Spelt, for straw",Triticum spelta,TRSP3,N,Straw,Cereal and oil,lb straw/bu grain,80.475,17.25,0.528,#DIV/0!,#DIV/0!,40,82.8,82.75,0.528,3.3,,0
731,"Wheat-Spring including Durum, for straw",Triticum sp.,TRITI,"N,P,K",Straw,Cereal and oil,lb straw/bu grain,80.475,9.22,0.63895731,0.063898488,1.173574514,40,87.8,90.78,0.592,3.7,,0
732,"Wheat-Winter, for straw",Triticum sp.,TRITI,"N,P,K",Straw,Cereal and oil,lb straw/bu grain,92.475,9.22,0.63895731,0.063898488,1.173574514,40,87.8,90.78,0.592,3.7,,0
733,"Wildrice, for grain",Zizania palustris,ZIPA3,"N,P,K",Caryopsis,Cereal and oil,lb of caryopsis,1,37.5,2.64432,0.4995,0.489,1,63.57021505,62.5,2.141487225,13.38627753,,0
734,"Wildrice, for straw",Zizania palustris,ZIPA3,"N,P,K",Straw,Cereal and oil,lb straw/lb grain,1.31,9.2,0.809,0.11,0.788,1,63.57021505,90.8,2.141487225,13.38627753,,0
735,Yam,Dioscorea sp.,DIOSC,"N,P,K",Tuber,Vegetable,lb of tuber,1,74,1.107692308,0.25,2.307692308,50,63.57021505,26,2.141487225,13.38627753,,0
736,Barbados Cherry,Malpighia emarginata,MAEM,"N,P,K",Fruit,Tree and fruit,lb of fruit,1,91.41,0.745052387,0.128055879,1.699650757,1,63.57021505,8.59,2.141487225,13.38627753,,0
